1,1
3,1
4,1
5,1
6,1
7,1
11,1
15,1
17,1
20,1
27,1
28,1
30,1
32,1
33,1
35,1
41,1
47,1
48,1
51,1
52,1
54,1
55,1
56,1
57,1
58,1
59,1
63,1
66,1
67,1
70,1
71,1
75,1
76,1
79,1
80,1
81,1
83,1
85,1
86,1
88,1
90,1
91,1
92,1
94,1
95,1
96,1
97,1
99,1
100,1
102,1
103,1
104,1
107,1
109,1
114,1
115,1
116,1
118,1
119,1
121,1
122,1
124,1
125,1
126,1
128,1
129,1
130,1
132,1
133,1
135,1
141,1
143,1
144,1
145,1
148,1
154,1
157,1
158,1
160,1
161,1
162,1
163,1
164,1
165,1
166,1
167,1
168,1
169,1
172,1
173,1
174,1
175,1
178,1
179,1
180,1
181,1
185,1
187,1
191,1
192,1
195,1
196,1
197,1
198,1
199,1
200,1
203,1
204,1
206,1
207,1
209,1
211,1
213,1
215,1
216,1
218,1
220,1
224,1
225,1
227,1
228,1
229,1
231,1
232,1
233,1
236,1
238,1
244,1
245,1
249,1
254,1
256,1
257,1
260,1
261,1
262,1
265,1
267,1
270,1
271,1
276,1
278,1
279,1
282,1
283,1
285,1
287,1
288,1
289,1
290,1
291,1
293,1
304,1
305,1
306,1
307,1
308,1
310,1
313,1
315,1
316,1
317,1
318,1
319,1
320,1
321,1
322,1
323,1
329,1
330,1
331,1
334,1
335,1
337,1
338,1
339,1
345,1
346,1
347,1
348,1
354,1
357,1
359,1
360,1
361,1
368,1
369,1
370,1
371,1
372,1
373,1
375,1
376,1
377,1
378,1
380,1
384,1
385,1
386,1
387,1
388,1
389,1
391,1
393,1
396,1
397,1
398,1
400,1
402,1
412,1
413,1
414,1
416,1
420,1
422,1
427,1
429,1
430,1
432,1
436,1
439,1
441,1
444,1
446,1
447,1
448,1
450,1
451,1
453,1
454,1
455,1
457,1
459,1
460,1
463,1
465,1
466,1
467,1
469,1
470,1
472,1
473,1
475,1
479,1
482,1
483,1
484,1
486,1
489,1
490,1
491,1
492,1
493,1
498,1
501,1
502,1
504,1
506,1
509,1
513,1
516,1
518,1
522,1
525,1
526,1
532,1
533,1
536,1
539,1
540,1
542,1
543,1
544,1
545,1
548,1
553,1
554,1
555,1
558,1
560,1
561,1
565,1
566,1
567,1
572,1
574,1
576,1
577,1
579,1
580,1
582,1
584,1
585,1
586,1
588,1
591,1
593,1
595,1
597,1
599,1
602,1
604,1
605,1
610,1
613,1
615,1
616,1
617,1
618,1
619,1
625,1
628,1
629,1
631,1
633,1
634,1
635,1
641,1
642,1
643,1
644,1
645,1
652,1
654,1
656,1
657,1
658,1
659,1
662,1
663,1
665,1
666,1
667,1
669,1
671,1
672,1
674,1
676,1
677,1
679,1
680,1
684,1
686,1
687,1
689,1
690,1
692,1
694,1
695,1
696,1
698,1
700,1
701,1
702,1
703,1
706,1
707,1
709,1
712,1
713,1
716,1
718,1
719,1
720,1
721,1
722,1
724,1
725,1
728,1
734,1
737,1
739,1
741,1
742,1
743,1
744,1
747,1
749,1
751,1
752,1
753,1
757,1
758,1
759,1
761,1
762,1
765,1
770,1
771,1
773,1
774,1
775,1
778,1
779,1
780,1
782,1
788,1
789,1
795,1
797,1
799,1
802,1
805,1
806,1
807,1
810,1
813,1
815,1
817,1
818,1
821,1
823,1
825,1
826,1
827,1
828,1
831,1
833,1
835,1
837,1
838,1
840,1
842,1
843,1
844,1
847,1
851,1
853,1
854,1
860,1
861,1
862,1
868,1
869,1
874,1
875,1
880,1
882,1
884,1
887,1
888,1
890,1
897,1
898,1
899,1
900,1
901,1
905,1
906,1
909,1
910,1
911,1
912,1
913,1
916,1
918,1
919,1
920,1
921,1
924,1
925,1
927,1
929,1
931,1
932,1
933,1
934,1
935,1
939,1
940,1
945,1
946,1
948,1
953,1
954,1
956,1
958,1
961,1
963,1
964,1
965,1
967,1
968,1
969,1
972,1
975,1
976,1
977,1
978,1
981,1
982,1
984,1
986,1
987,1
989,1
990,1
991,1
992,1
994,1
995,1
997,1
999,1
1005,1
1006,1
1007,1
1010,1
1012,1
1014,1
1016,1
1017,1
1019,1
1021,1
1023,1
1032,1
1034,1
1035,1
1041,1
1043,1
1044,1
1045,1
1046,1
1047,1
1048,1
1053,1
1055,1
1056,1
1058,1
1059,1
1060,1
1061,1
1062,1
1063,1
1064,1
1065,1
1068,1
1070,1
1071,1
1078,1
1079,1
1080,1
1082,1
1083,1
1084,1
1085,1
1088,1
1091,1
1092,1
1093,1
1095,1
1096,1
1097,1
1100,1
1102,1
1106,1
1107,1
1108,1
1109,1
1111,1
1112,1
1113,1
1114,1
1115,1
1119,1
1120,1
1124,1
1126,1
1129,1
1130,1
1132,1
1135,1
1140,1
1141,1
1145,1
1148,1
1150,1
1151,1
1152,1
1153,1
1154,1
1155,1
1158,1
1161,1
1162,1
1164,1
1165,1
1168,1
1169,1
1171,1
1172,1
1173,1
1176,1
1177,1
1178,1
1179,1
1180,1
1181,1
1183,1
1187,1
1192,1
1193,1
1194,1
1198,1
1199,1
1200,1
1201,1
1202,1
1204,1
1205,1
1206,1
1207,1
1208,1
1209,1
1210,1
1211,1
1214,1
1216,1
1217,1
1219,1
1221,1
1223,1
1225,1
1228,1
1230,1
1235,1
1237,1
1239,1
1241,1
1243,1
1245,1
1246,1
1248,1
1249,1
1251,1
1252,1
1254,1
1257,1
1258,1
1259,1
1261,1
1262,1
1264,1
1267,1
1268,1
1269,1
1270,1
1273,1
1274,1
1275,1
1276,1
1277,1
1279,1
1282,1
1284,1
1289,1
1291,1
1293,1
1294,1
1296,1
1297,1
1299,1
1300,1
1303,1
1309,1
1310,1
1311,1
1312,1
1315,1
1316,1
1317,1
1320,1
1323,1
1327,1
1330,1
1332,1
1336,1
1337,1
1340,1
1341,1
1342,1
1344,1
1347,1
1350,1
1352,1
1356,1
1358,1
1361,1
1364,1
1369,1
1371,1
1375,1
1378,1
1380,1
1382,1
1383,1
1384,1
1385,1
1387,1
1389,1
1391,1
1393,1
1398,1
1400,1
1402,1
1403,1
1405,1
1406,1
1408,1
1409,1
1410,1
1413,1
1415,1
1424,1
1426,1
1427,1
1429,1
1430,1
1431,1
1433,1
1434,1
1435,1
1436,1
1444,1
1447,1
1449,1
1454,1
1455,1
1457,1
1458,1
1459,1
1460,1
1461,1
1463,1
1464,1
1465,1
1466,1
1468,1
1470,1
1471,1
1475,1
1477,1
1479,1
1482,1
1484,1
1486,1
1487,1
1488,1
1491,1
1492,1
1493,1
1494,1
1495,1
1496,1
1501,1
1503,1
1505,1
1508,1
1509,1
1511,1
1513,1
1514,1
1518,1
1519,1
1521,1
1523,1
1526,1
1529,1
1532,1
1533,1
1534,1
1536,1
1537,1
1540,1
1541,1
1543,1
1545,1
1548,1
1549,1
1551,1
1554,1
1557,1
1563,1
1567,1
1568,1
1569,1
1573,1
1574,1
1575,1
1576,1
1577,1
1578,1
1579,1
1582,1
1583,1
1584,1
1585,1
1587,1
1589,1
1591,1
1594,1
1596,1
1599,1
1601,1
1605,1
1606,1
1608,1
1609,1
1610,1
1611,1
1612,1
1613,1
1614,1
1615,1
1617,1
1619,1
1620,1
1624,1
1625,1
1626,1
1627,1
1628,1
1630,1
1631,1
1632,1
1633,1
1635,1
1638,1
1639,1
1641,1
1643,1
1645,1
1649,1
1650,1
1651,1
1652,1
1657,1
1658,1
1660,1
1661,1
1664,1
1666,1
1668,1
1669,1
1670,1
1671,1
1675,1
1680,1
1681,1
1684,1
1685,1
1687,1
1689,1
1690,1
1692,1
1693,1
1694,1
1697,1
1699,1
1700,1
1704,1
1705,1
1707,1
1709,1
1711,1
1715,1
1716,1
1717,1
1719,1
1721,1
1722,1
1726,1
1727,1
1729,1
1730,1
1731,1
1732,1
1733,1
1734,1
1736,1
1738,1
1739,1
1742,1
1743,1
1750,1
1751,1
1753,1
1754,1
1755,1
1757,1
1758,1
1759,1
1761,1
1762,1
1763,1
1764,1
1765,1
1767,1
1770,1
1772,1
1773,1
1777,1
1778,1
1779,1
1782,1
1784,1
1787,1
1788,1
1789,1
1791,1
1793,1
1795,1
1797,1
1798,1
1800,1
1801,1
1803,1
1807,1
1810,1
1812,1
1815,1
1817,1
1819,1
1821,1
1823,1
1825,1
1829,1
1832,1
1834,1
1835,1
1836,1
1837,1
1838,1
1840,1
1842,1
1844,1
1846,1
1847,1
1849,1
1850,1
1852,1
1854,1
1855,1
1859,1
1860,1
1861,1
1863,1
1866,1
1867,1
1871,1
1872,1
1873,1
1874,1
1876,1
1878,1
1879,1
1881,1
1892,1
1896,1
1899,1
1903,1
1906,1
1909,1
1910,1
1911,1
1914,1
1915,1
1916,1
1918,1
1919,1
1921,1
1924,1
1925,1
1927,1
1928,1
1934,1
1937,1
1939,1
1940,1
1943,1
1945,1
1947,1
1948,1
1949,1
1951,1
1952,1
1954,1
1955,1
1957,1
1958,1
1960,1
1964,1
1967,1
1968,1
1972,1
1974,1
1975,1
1976,1
1987,1
1990,1
1994,1
1995,1
1997,1
1998,1
2003,1
2004,1
2007,1
2009,1
2010,1
2011,1
2014,1
2015,1
2016,1
2018,1
2019,1
2020,1
2024,1
2025,1
2030,1
2032,1
2034,1
2037,1
2041,1
2042,1
2043,1
2045,1
2048,1
2052,1
2053,1
2054,1
2056,1
2057,1
2058,1
2059,1
2060,1
2061,1
2062,1
2063,1
2067,1
2070,1
2071,1
2072,1
2073,1
2074,1
2075,1
2076,1
2078,1
2079,1
2080,1
2081,1
2082,1
2083,1
2085,1
2089,1
2090,1
2092,1
2093,1
2094,1
2102,1
2103,1
2105,1
2108,1
2109,1
2111,1
2112,1
2114,1
2115,1
2116,1
2117,1
2121,1
2124,1
2126,1
2128,1
2129,1
2133,1
2134,1
2138,1
2139,1
2140,1
2141,1
2142,1
2146,1
2147,1
2148,1
2149,1
2151,1
2152,1
2154,1
2157,1
2158,1
2162,1
2166,1
2168,1
2169,1
2173,1
2174,1
2175,1
2176,1
2177,1
2180,1
2181,1
2182,1
2185,1
2187,1
2189,1
2190,1
2191,1
2192,1
2193,1
2194,1
2197,1
2198,1
2201,1
2205,1
2211,1
2213,1
2216,1
2217,1
2218,1
2219,1
2222,1
2223,1
2225,1
2226,1
2227,1
2232,1
2233,1
2235,1
2239,1
2240,1
2243,1
2246,1
2248,1
2249,1
2250,1
2253,1
2254,1
2257,1
2259,1
2260,1
2262,1
2267,1
2271,1
2274,1
2276,1
2277,1
2279,1
2285,1
2286,1
2289,1
2290,1
2292,1
2295,1
2296,1
2298,1
2299,1
2301,1
2302,1
2304,1
2305,1
2306,1
2307,1
2310,1
2311,1
2312,1
2313,1
2314,1
2316,1
2317,1
2318,1
2321,1
2323,1
2324,1
2331,1
2333,1
2335,1
2336,1
2337,1
2338,1
2340,1
2344,1
2346,1
2347,1
2351,1
2355,1
2356,1
2359,1
2361,1
2363,1
2365,1
2368,1
2371,1
2372,1
2373,1
2375,1
2378,1
2379,1
2381,1
2382,1
2383,1
2390,1
2391,1
2393,1
2395,1
2396,1
2398,1
2399,1
2400,1
2401,1
2403,1
2405,1
2407,1
2408,1
2409,1
2413,1
2415,1
2416,1
2418,1
2421,1
2422,1
2424,1
2429,1
2432,1
2436,1
2437,1
2438,1
2440,1
2441,1
2443,1
2445,1
2446,1
2447,1
2450,1
2451,1
2454,1
2455,1
2456,1
2461,1
2464,1
2466,1
2468,1
2469,1
2472,1
2476,1
2477,1
2482,1
2485,1
2487,1
2488,1
2489,1
2491,1
2494,1
2496,1
2497,1
2500,1
2505,1
2506,1
2507,1
2508,1
2509,1
2510,1
2514,1
2515,1
2516,1
2517,1
2520,1
2522,1
2526,1
2527,1
2528,1
2529,1
2532,1
2533,1
2537,1
2538,1
2539,1
2540,1
2541,1
2543,1
2545,1
2549,1
2551,1
2553,1
2557,1
2560,1
2564,1
2566,1
2570,1
2572,1
2573,1
2575,1
2576,1
2583,1
2585,1
2589,1
2590,1
2592,1
2593,1
2595,1
2597,1
2602,1
2604,1
2606,1
2607,1
2608,1
2609,1
2614,1
2617,1
2618,1
2621,1
2622,1
2623,1
2624,1
2627,1
2628,1
2630,1
2632,1
2634,1
2636,1
2638,1
2640,1
2644,1
2645,1
2647,1
2648,1
2650,1
2651,1
2652,1
2656,1
2657,1
2659,1
2661,1
2663,1
2665,1
2667,1
2668,1
2669,1
2671,1
2672,1
2678,1
2679,1
2680,1
2681,1
2682,1
2684,1
2685,1
2686,1
2688,1
2690,1
2692,1
2693,1
2695,1
2697,1
2698,1
2701,1
2702,1
2703,1
2704,1
2706,1
2710,1
2711,1
2713,1
2716,1
2718,1
2721,1
2727,1
2733,1
2735,1
2736,1
2738,1
2739,1
2741,1
2742,1
2748,1
2749,1
2751,1
2753,1
2754,1
2756,1
2759,1
2761,1
2765,1
2766,1
2768,1
2769,1
2772,1
2773,1
2774,1
2775,1
2776,1
2778,1
2779,1
2781,1
2783,1
2784,1
2785,1
2787,1
2789,1
2794,1
2796,1
2797,1
2798,1
2802,1
2804,1
2806,1
2808,1
2813,1
2814,1
2817,1
2818,1
2820,1
2821,1
2824,1
2828,1
2830,1
2831,1
2832,1
2835,1
2836,1
2838,1
2841,1
2842,1
2846,1
2849,1
2850,1
2851,1
2853,1
2854,1
2857,1
2859,1
2860,1
2861,1
2862,1
2863,1
2865,1
2867,1
2868,1
2869,1
2870,1
2871,1
2872,1
2874,1
2875,1
2877,1
2878,1
2879,1
2880,1
2881,1
2882,1
2883,1
2884,1
2886,1
2887,1
2890,1
2891,1
2892,1
2894,1
2897,1
2898,1
2902,1
2904,1
2905,1
2906,1
2909,1
2910,1
2912,1
2914,1
2915,1
2916,1
2918,1
2920,1
2921,1
2922,1
2923,1
2925,1
2927,1
2930,1
2935,1
2936,1
2937,1
2942,1
2945,1
2946,1
2948,1
2949,1
2951,1
2952,1
2953,1
2956,1
2960,1
2961,1
2962,1
2966,1
2968,1
2969,1
2972,1
2976,1
2977,1
2978,1
2980,1
2982,1
2983,1
2988,1
2989,1
2993,1
2994,1
2995,1
2997,1
2998,1
2999,1
3001,1
3006,1
3009,1
3010,1
3011,1
3015,1
3019,1
3025,1
3026,1
3031,1
3032,1
3034,1
3036,1
3037,1
3038,1
3039,1
3040,1
3044,1
3046,1
3048,1
3049,1
3050,1
3052,1
3054,1
3058,1
3059,1
3061,1
3062,1
3066,1
3069,1
3070,1
3074,1
3075,1
3076,1
3077,1
3078,1
3080,1
3084,1
3094,1
3097,1
3098,1
3101,1
3102,1
3109,1
3110,1
3111,1
3112,1
3116,1
3117,1
3119,1
3120,1
3122,1
3128,1
3131,1
3133,1
3137,1
3138,1
3140,1
3141,1
3142,1
3143,1
3144,1
3145,1
3146,1
3147,1
3150,1
3152,1
3153,1
3155,1
3162,1
3163,1
3167,1
3170,1
3172,1
3179,1
3180,1
3181,1
3182,1
3184,1
3185,1
3186,1
3187,1
3188,1
3189,1
3190,1
3191,1
3192,1
3194,1
3198,1
3200,1
3202,1
3204,1
3206,1
3207,1
3208,1
3209,1
3210,1
3213,1
3214,1
3215,1
3217,1
3221,1
3222,1
3223,1
3224,1
3225,1
3226,1
3227,1
3229,1
3230,1
3232,1
3233,1
3234,1
3235,1
3236,1
3238,1
3241,1
3242,1
3244,1
3246,1
3247,1
3250,1
3254,1
3256,1
3266,1
3268,1
3269,1
3270,1
3272,1
3273,1
3281,1
3282,1
3283,1
3284,1
3286,1
3291,1
3293,1
3294,1
3299,1
3300,1
3301,1
3305,1
3306,1
3310,1
3313,1
3315,1
3316,1
3317,1
3318,1
3319,1
3321,1
3322,1
3323,1
3324,1
3325,1
3326,1
3327,1
3328,1
3330,1
3331,1
3334,1
3335,1
3339,1
3340,1
3342,1
3343,1
3344,1
3345,1
3348,1
3350,1
3353,1
3357,1
3359,1
3360,1
3362,1
3363,1
3364,1
3366,1
3369,1
3371,1
3373,1
3376,1
3378,1
3379,1
3380,1
3381,1
3382,1
3384,1
3386,1
3389,1
3396,1
3398,1
3399,1
3401,1
3403,1
3405,1
3408,1
3414,1
3416,1
3417,1
3418,1
3424,1
3425,1
3431,1
3432,1
3433,1
3434,1
3436,1
3439,1
3440,1
3442,1
3444,1
3447,1
3450,1
3453,1
3456,1
3462,1
3463,1
3464,1
3469,1
3471,1
3472,1
3473,1
3476,1
3477,1
3481,1
3482,1
3484,1
3485,1
3489,1
3491,1
3495,1
3497,1
3498,1
3503,1
3504,1
3506,1
3509,1
3513,1
3518,1
3519,1
3521,1
3522,1
3523,1
3526,1
3530,1
3531,1
3532,1
3535,1
3538,1
3539,1
3540,1
3542,1
3543,1
3544,1
3546,1
3548,1
3551,1
3554,1
3555,1
3556,1
3557,1
3558,1
3560,1
3561,1
3563,1
3564,1
3565,1
3566,1
3567,1
3568,1
3569,1
3570,1
3571,1
3573,1
3576,1
3579,1
3580,1
3581,1
3582,1
3585,1
3586,1
3588,1
3592,1
3593,1
3597,1
3598,1
3603,1
3604,1
3607,1
3609,1
3611,1
3617,1
3618,1
3623,1
3626,1
3627,1
3628,1
3629,1
3631,1
3632,1
3634,1
3638,1
3640,1
3641,1
3642,1
3643,1
3645,1
3650,1
3651,1
3654,1
3659,1
3660,1
3666,1
3667,1
3668,1
3671,1
3672,1
3677,1
3681,1
3682,1
3683,1
3684,1
3687,1
3688,1
3690,1
3693,1
3695,1
3696,1
3697,1
3698,1
3699,1
3702,1
3703,1
3704,1
3705,1
3706,1
3710,1
3711,1
3713,1
3714,1
3717,1
3718,1
3719,1
3720,1
3721,1
3725,1
3726,1
3727,1
3728,1
3729,1
3731,1
3735,1
3738,1
3739,1
3742,1
3744,1
3745,1
3747,1
3749,1
3750,1
3752,1
3753,1
3759,1
3760,1
3761,1
3763,1
3765,1
3766,1
3767,1
3769,1
3770,1
3771,1
3778,1
3779,1
3783,1
3784,1
3786,1
3787,1
3789,1
3790,1
3792,1
3797,1
3799,1
3800,1
3801,1
3802,1
3803,1
3807,1
3809,1
3815,1
3816,1
3818,1
3819,1
3820,1
3821,1
3822,1
3826,1
3831,1
3832,1
3833,1
3837,1
3838,1
3839,1
3841,1
3842,1
3844,1
3845,1
3849,1
3856,1
3857,1
3859,1
3860,1
3861,1
3863,1
3864,1
3866,1
3868,1
3870,1
3871,1
3872,1
3875,1
3876,1
3877,1
3880,1
3882,1
3883,1
3884,1
3885,1
3886,1
3888,1
3889,1
3890,1
3891,1
3893,1
3898,1
3899,1
3901,1
3902,1
3903,1
3905,1
3906,1
3907,1
3910,1
3913,1
3916,1
3920,1
3921,1
3923,1
3924,1
3926,1
3927,1
3929,1
3930,1
3931,1
3935,1
3938,1
3940,1
3941,1
3942,1
3943,1
3945,1
3947,1
3949,1
3951,1
3952,1
3954,1
3955,1
3957,1
3960,1
3961,1
3963,1
3964,1
3967,1
3969,1
3970,1
3972,1
3975,1
3977,1
3978,1
3981,1
3983,1
3984,1
3987,1
3989,1
3992,1
3994,1
3995,1
3998,1
3999,1
4001,1
4003,1
4005,1
4006,1
4015,1
4019,1
4020,1
4022,1
4023,1
4027,1
4032,1
4034,1
4036,1
4037,1
4038,1
4042,1
4043,1
4044,1
4045,1
4046,1
4047,1
4052,1
4053,1
4055,1
4056,1
4064,1
4072,1
4073,1
4074,1
4075,1
4076,1
4077,1
4078,1
4079,1
4081,1
4082,1
4083,1
4089,1
4090,1
4092,1
4100,1
4104,1
4106,1
4108,1
4110,1
4114,1
4119,1
4121,1
4123,1
4124,1
4125,1
4126,1
4127,1
4128,1
4133,1
4134,1
4135,1
4140,1
4141,1
4143,1
4144,1
4146,1
4151,1
4153,1
4154,1
4155,1
4156,1
4157,1
4160,1
4161,1
4165,1
4168,1
4171,1
4178,1
4180,1
4182,1
4183,1
4186,1
4187,1
4189,1
4190,1
4192,1
4193,1
4195,1
4198,1
4200,1
4201,1
4202,1
4204,1
4206,1
4209,1
4210,1
4212,1
4218,1
4219,1
4220,1
4223,1
4224,1
4225,1
4228,1
4229,1
4232,1
4233,1
4237,1
4238,1
4239,1
4240,1
4241,1
4242,1
4246,1
4249,1
4250,1
4251,1
4256,1
4257,1
4258,1
4261,1
4262,1
4263,1
4264,1
4267,1
4268,1
4270,1
4274,1
4275,1
4280,1
4281,1
4284,1
4285,1
4286,1
4287,1
4288,1
4289,1
4290,1
4291,1
4293,1
4294,1
4295,1
4296,1
4300,1
4302,1
4303,1
4304,1
4306,1
4308,1
4311,1
4313,1
4314,1
4316,1
4317,1
4319,1
4320,1
4322,1
4323,1
4324,1
4325,1
4326,1
4332,1
4333,1
4334,1
4337,1
4340,1
4343,1
4346,1
4347,1
4348,1
4349,1
4350,1
4351,1
4353,1
4354,1
4355,1
4361,1
4362,1
4363,1
4367,1
4368,1
4369,1
4370,1
4371,1
4373,1
4374,1
4375,1
4376,1
4378,1
4384,1
4387,1
4391,1
4392,1
4393,1
4394,1
4396,1
4400,1
4401,1
4406,1
4407,1
4409,1
4410,1
4412,1
4413,1
4414,1
4415,1
4418,1
4419,1
4420,1
4422,1
4424,1
4425,1
4426,1
4427,1
4429,1
4430,1
4431,1
4432,1
4433,1
4436,1
4437,1
4439,1
4441,1
4442,1
4445,1
4447,1
4452,1
4453,1
4456,1
4457,1
4459,1
4461,1
4464,1
4469,1
4470,1
4474,1
4478,1
4479,1
4481,1
4482,1
4483,1
4484,1
4486,1
4487,1
4490,1
4492,1
4493,1
4495,1
4496,1
4497,1
4499,1
4500,1
4501,1
4504,1
4506,1
4507,1
4509,1
4513,1
4515,1
4516,1
4518,1
4520,1
4522,1
4526,1
4531,1
4532,1
4533,1
4538,1
4540,1
4541,1
4542,1
4543,1
4546,1
4547,1
4548,1
4551,1
4553,1
4557,1
4560,1
4561,1
4564,1
4565,1
4566,1
4568,1
4571,1
4572,1
4573,1
4574,1
4585,1
4586,1
4587,1
4588,1
4590,1
4591,1
4592,1
4594,1
4595,1
4597,1
4598,1
4599,1
4600,1
4601,1
4602,1
4605,1
4606,1
4607,1
4613,1
4615,1
4616,1
4619,1
4620,1
4622,1
4625,1
4627,1
4628,1
4632,1
4638,1
4644,1
4647,1
4648,1
4649,1
4650,1
4651,1
4652,1
4653,1
4659,1
4663,1
4664,1
4665,1
4666,1
4667,1
4668,1
4669,1
4671,1
4672,1
4674,1
4676,1
4677,1
4679,1
4682,1
4683,1
4684,1
4685,1
4686,1
4692,1
4694,1
4696,1
4699,1
4700,1
4702,1
4704,1
4708,1
4712,1
4718,1
4720,1
4722,1
4723,1
4725,1
4726,1
4727,1
4733,1
4737,1
4739,1
4743,1
4744,1
4748,1
4752,1
4753,1
4755,1
4756,1
4757,1
4758,1
4759,1
4762,1
4763,1
4767,1
4768,1
4772,1
4773,1
4774,1
4776,1
4778,1
4779,1
4782,1
4783,1
4784,1
4785,1
4790,1
4792,1
4799,1
4800,1
4801,1
4805,1
4809,1
4810,1
4813,1
4814,1
4816,1
4818,1
4822,1
4823,1
4830,1
4831,1
4840,1
4841,1
4842,1
4847,1
4848,1
4849,1
4851,1
4855,1
4856,1
4860,1
4861,1
4862,1
4864,1
4865,1
4866,1
4868,1
4869,1
4870,1
4871,1
4872,1
4873,1
4879,1
4884,1
4885,1
4889,1
4893,1
4896,1
4897,1
4898,1
4903,1
4904,1
4907,1
4909,1
4912,1
4916,1
4917,1
4918,1
4920,1
4923,1
4925,1
4926,1
4927,1
4928,1
4929,1
4931,1
4932,1
4933,1
4935,1
4936,1
4940,1
4941,1
4943,1
4944,1
4946,1
4947,1
4948,1
4952,1
4954,1
4957,1
4960,1
4961,1
4963,1
4968,1
4969,1
4970,1
4973,1
4981,1
4983,1
4985,1
4986,1
4989,1
4990,1
4993,1
4994,1
4995,1
4996,1
4997,1
4998,1
5001,1
5003,1
5004,1
5006,1
5008,1
5009,1
5010,1
5011,1
5012,1
5015,1
5018,1
5019,1
5020,1
5022,1
5023,1
5024,1
5025,1
5027,1
5029,1
5032,1
5033,1
5034,1
5035,1
5038,1
5039,1
5040,1
5044,1
5045,1
5046,1
5050,1
5052,1
5056,1
5058,1
5059,1
5062,1
5064,1
5066,1
5067,1
5070,1
5075,1
5076,1
5079,1
5082,1
5083,1
5085,1
5089,1
5090,1
5091,1
5092,1
5095,1
5097,1
5098,1
5099,1
5100,1
5101,1
5104,1
5106,1
5108,1
5109,1
5110,1
5111,1
5113,1
5116,1
5120,1
5123,1
5125,1
5128,1
5129,1
5131,1
5133,1
5137,1
5138,1
5141,1
5144,1
5146,1
5148,1
5150,1
5159,1
5160,1
5162,1
5164,1
5165,1
5168,1
5172,1
5173,1
5175,1
5176,1
5177,1
5179,1
5183,1
5184,1
5185,1
5186,1
5189,1
5190,1
5191,1
5192,1
5193,1
5194,1
5196,1
5197,1
5202,1
5203,1
5205,1
5206,1
5207,1
5208,1
5209,1
5210,1
5211,1
5213,1
5215,1
5219,1
5220,1
5222,1
5223,1
5224,1
5225,1
5226,1
5228,1
5229,1
5230,1
5231,1
5232,1
5233,1
5234,1
5235,1
5237,1
5243,1
5244,1
5245,1
5246,1
5248,1
5249,1
5251,1
5252,1
5254,1
5255,1
5261,1
5264,1
5266,1
5267,1
5269,1
5271,1
5272,1
5273,1
5274,1
5277,1
5278,1
5279,1
5282,1
5284,1
5286,1
5287,1
5289,1
5291,1
5294,1
5299,1
5302,1
5303,1
5309,1
5310,1
5311,1
5312,1
5313,1
5319,1
5321,1
5324,1
5325,1
5327,1
5328,1
5332,1
5338,1
5340,1
5342,1
5346,1
5349,1
5352,1
5355,1
5356,1
5358,1
5359,1
5361,1
5362,1
5368,1
5371,1
5375,1
5377,1
5378,1
5382,1
5383,1
5385,1
5386,1
5387,1
5391,1
5394,1
5395,1
5396,1
5398,1
5401,1
5402,1
5404,1
5405,1
5406,1
5409,1
5411,1
5412,1
5413,1
5423,1
5424,1
5426,1
5430,1
5438,1
5440,1
5441,1
5443,1
5444,1
5445,1
5447,1
5448,1
5449,1
5451,1
5452,1
5453,1
5454,1
5459,1
5460,1
5461,1
5463,1
5466,1
5470,1
5471,1
5473,1
5476,1
5481,1
5483,1
5484,1
5485,1
5488,1
5491,1
5492,1
5494,1
5498,1
5502,1
5506,1
5508,1
5509,1
5510,1
5511,1
5512,1
5514,1
5515,1
5517,1
5518,1
5520,1
5522,1
5524,1
5525,1
5527,1
5529,1
5532,1
5534,1
5537,1
5538,1
5539,1
5540,1
5542,1
5543,1
5545,1
5546,1
5553,1
5554,1
5557,1
5560,1
5562,1
5564,1
5566,1
5568,1
5570,1
5571,1
5574,1
5576,1
5578,1
5579,1
5581,1
5582,1
5584,1
5585,1
5586,1
5587,1
5588,1
5591,1
5592,1
5594,1
5598,1
5605,1
5607,1
5608,1
5609,1
5610,1
5612,1
5614,1
5616,1
5617,1
5619,1
5624,1
5626,1
5627,1
5628,1
5635,1
5640,1
5641,1
5642,1
5643,1
5644,1
5645,1
5646,1
5648,1
5649,1
5650,1
5651,1
5652,1
5654,1
5662,1
5663,1
5664,1
5665,1
5666,1
5668,1
5672,1
5673,1
5675,1
5677,1
5679,1
5681,1
5682,1
5685,1
5686,1
5687,1
5689,1
5692,1
5695,1
5698,1
5700,1
5703,1
5704,1
5705,1
5706,1
5712,1
5713,1
5715,1
5716,1
5717,1
5721,1
5723,1
5725,1
5726,1
5727,1
5728,1
5730,1
5735,1
5742,1
5746,1
5748,1
5750,1
5751,1
5752,1
5753,1
5754,1
5756,1
5757,1
5759,1
5760,1
5761,1
5762,1
5765,1
5768,1
5771,1
5772,1
5776,1
5778,1
5781,1
5782,1
5784,1
5785,1
5787,1
5788,1
5789,1
5791,1
5793,1
5794,1
5795,1
5796,1
5797,1
5804,1
5805,1
5812,1
5813,1
5814,1
5816,1
5820,1
5822,1
5825,1
5826,1
5827,1
5830,1
5831,1
5832,1
5833,1
5834,1
5837,1
5839,1
5840,1
5841,1
5842,1
5843,1
5844,1
5845,1
5850,1
5851,1
5854,1
5855,1
5858,1
5860,1
5866,1
5867,1
5871,1
5873,1
5874,1
5884,1
5885,1
5886,1
5888,1
5890,1
5893,1
5894,1
5895,1
5899,1
5900,1
5901,1
5903,1
5904,1
5905,1
5909,1
5910,1
5912,1
5918,1
5919,1
5923,1
5927,1
5931,1
5932,1
5935,1
5940,1
5943,1
5948,1
5952,1
5954,1
5957,1
5958,1
5963,1
5966,1
5967,1
5968,1
5969,1
5972,1
5973,1
5975,1
5976,1
5977,1
5980,1
5981,1
5987,1
5988,1
5989,1
5990,1
5994,1
5995,1
5996,1
5997,1
5999,1
6000,1
6003,1
6004,1
6006,1
6007,1
6008,1
6009,1
6010,1
6012,1
6013,1
6015,1
6017,1
6020,1
6022,1
6023,1
6028,1
6030,1
6032,1
6034,1
6035,1
6036,1
6038,1
6040,1
6046,1
6048,1
6050,1
6053,1
6054,1
6055,1
6058,1
6061,1
6062,1
6063,1
6064,1
6065,1
6069,1
6071,1
6072,1
6074,1
6076,1
6077,1
6078,1
6079,1
6085,1
6086,1
6088,1
6089,1
6091,1
6092,1
6093,1
6094,1
6095,1
6096,1
6097,1
6098,1
6099,1
6101,1
6103,1
6105,1
6108,1
6109,1
6112,1
6114,1
6116,1
6118,1
6120,1
6123,1
6125,1
6126,1
6128,1
6132,1
6133,1
6134,1
6135,1
6136,1
6144,1
6147,1
6151,1
6157,1
6158,1
6161,1
6164,1
6165,1
6166,1
6169,1
6170,1
6172,1
6173,1
6174,1
6177,1
6182,1
6183,1
6185,1
6186,1
6187,1
6188,1
6189,1
6193,1
6194,1
6195,1
6197,1
6198,1
6199,1
6200,1
6201,1
6202,1
6203,1
6205,1
6209,1
6211,1
6216,1
6217,1
6218,1
6219,1
6220,1
6223,1
6224,1
6225,1
6226,1
6229,1
6231,1
6232,1
6233,1
6236,1
6240,1
6246,1
6248,1
6249,1
6251,1
6252,1
6260,1
6266,1
6267,1
6269,1
6270,1
6272,1
6273,1
6275,1
6276,1
6277,1
6278,1
6279,1
6281,1
6285,1
6286,1
6287,1
6289,1
6290,1
6291,1
6292,1
6293,1
6294,1
6297,1
6298,1
6300,1
6301,1
6304,1
6307,1
6309,1
6310,1
6311,1
6312,1
6313,1
6314,1
6315,1
6316,1
6322,1
6323,1
6324,1
6325,1
6326,1
6330,1
6331,1
6333,1
6334,1
6337,1
6339,1
6340,1
6341,1
6342,1
6343,1
6347,1
6351,1
6353,1
6360,1
6361,1
6362,1
6363,1
6367,1
6371,1
6374,1
6377,1
6380,1
6383,1
6387,1
6388,1
6390,1
6391,1
6392,1
6402,1
6404,1
6406,1
6407,1
6408,1
6410,1
6412,1
6414,1
6416,1
6419,1
6420,1
6421,1
6422,1
6423,1
6424,1
6425,1
6426,1
6428,1
6435,1
6436,1
6437,1
6438,1
6442,1
6443,1
6444,1
6447,1
6448,1
6452,1
6453,1
6454,1
6455,1
6458,1
6460,1
6461,1
6462,1
6463,1
6464,1
6466,1
6467,1
6471,1
6474,1
6476,1
6477,1
6480,1
6482,1
6487,1
6489,1
6492,1
6496,1
6497,1
6498,1
6499,1
6505,1
6506,1
6507,1
6508,1
6509,1
6512,1
6515,1
6516,1
6517,1
6525,1
6527,1
6531,1
6532,1
6533,1
6534,1
6537,1
6543,1
6545,1
6547,1
6553,1
6554,1
6557,1
6558,1
6559,1
6565,1
6566,1
6567,1
6569,1
6571,1
6575,1
6578,1
6581,1
6582,1
6589,1
6592,1
6593,1
6595,1
6596,1
6598,1
6599,1
6601,1
6602,1
6603,1
6606,1
6607,1
6609,1
6611,1
6612,1
6613,1
6615,1
6618,1
6619,1
6620,1
6624,1
6628,1
6629,1
6630,1
6631,1
6632,1
6635,1
6636,1
6641,1
6642,1
6643,1
6644,1
6649,1
6650,1
6651,1
6654,1
6655,1
6661,1
6664,1
6666,1
6667,1
6668,1
6673,1
6674,1
6675,1
6677,1
6679,1
6682,1
6685,1
6686,1
6689,1
6694,1
6695,1
6696,1
6697,1
6698,1
6699,1
6703,1
6705,1
6706,1
6710,1
6711,1
6713,1
6717,1
6720,1
6722,1
6724,1
6727,1
6729,1
6731,1
6733,1
6734,1
6736,1
6737,1
6738,1
6739,1
6742,1
6747,1
6749,1
6750,1
6751,1
6752,1
6753,1
6754,1
6755,1
6760,1
6761,1
6762,1
6769,1
6771,1
6772,1
6775,1
6777,1
6778,1
6779,1
6782,1
6783,1
6785,1
6788,1
6790,1
6792,1
6796,1
6797,1
6798,1
6800,1
6801,1
6802,1
6804,1
6807,1
6811,1
6812,1
6816,1
6817,1
6819,1
6823,1
6825,1
6828,1
6830,1
6832,1
6833,1
6835,1
6838,1
6840,1
6842,1
6844,1
6848,1
6851,1
6856,1
6857,1
6858,1
6859,1
6860,1
6861,1
6862,1
6863,1
6866,1
6867,1
6869,1
6870,1
6872,1
6874,1
6875,1
6878,1
6884,1
6886,1
6887,1
6893,1
6899,1
6900,1
6902,1
6903,1
6904,1
6906,1
6907,1
6908,1
6911,1
6913,1
6917,1
6918,1
6920,1
6921,1
6924,1
6926,1
6927,1
6928,1
6930,1
6931,1
6932,1
6933,1
6934,1
6937,1
6938,1
6939,1
6942,1
6944,1
6945,1
6950,1
6951,1
6956,1
6957,1
6960,1
6962,1
6964,1
6969,1
6973,1
6979,1
6980,1
6983,1
6986,1
6987,1
6988,1
6991,1
6992,1
6993,1
6995,1
6997,1
6999,1
7001,1
7003,1
7004,1
7005,1
7008,1
7009,1
7011,1
7014,1
7016,1
7021,1
7023,1
7026,1
7027,1
7029,1
7030,1
7032,1
7037,1
7038,1
7040,1
7046,1
7048,1
7049,1
7050,1
7052,1
7054,1
7056,1
7058,1
7059,1
7061,1
7063,1
7065,1
7067,1
7069,1
7070,1
7071,1
7072,1
7073,1
7077,1
7078,1
7079,1
7080,1
7082,1
7083,1
7084,1
7085,1
7089,1
7090,1
7092,1
7093,1
7094,1
7096,1
7098,1
7099,1
7100,1
7102,1
7103,1
7104,1
7105,1
7106,1
7108,1
7109,1
7111,1
7112,1
7114,1
7115,1
7116,1
7117,1
7119,1
7122,1
7125,1
7126,1
7128,1
7130,1
7132,1
7134,1
7136,1
7138,1
7140,1
7141,1
7142,1
7143,1
7147,1
7149,1
7150,1
7151,1
7153,1
7155,1
7159,1
7160,1
7163,1
7164,1
7165,1
7173,1
7174,1
7177,1
7178,1
7179,1
7180,1
7184,1
7185,1
7186,1
7189,1
7190,1
7191,1
7195,1
7200,1
7201,1
7202,1
7203,1
7205,1
7206,1
7208,1
7210,1
7213,1
7214,1
7215,1
7216,1
7217,1
7219,1
7220,1
7221,1
7222,1
7226,1
7228,1
7229,1
7230,1
7231,1
7232,1
7234,1
7239,1
7242,1
7244,1
7245,1
7246,1
7247,1
7249,1
7255,1
7258,1
7259,1
7260,1
7265,1
7266,1
7268,1
7273,1
7280,1
7281,1
7283,1
7284,1
7289,1
7290,1
7291,1
7294,1
7295,1
7297,1
7301,1
7302,1
7308,1
7309,1
7310,1
7311,1
7313,1
7314,1
7317,1
7319,1
7322,1
7323,1
7325,1
7326,1
7327,1
7328,1
7329,1
7335,1
7336,1
7337,1
7338,1
7341,1
7342,1
7346,1
7350,1
7351,1
7354,1
7357,1
7358,1
7360,1
7361,1
7362,1
7364,1
7368,1
7369,1
7370,1
7374,1
7381,1
7384,1
7388,1
7389,1
7390,1
7391,1
7393,1
7394,1
7395,1
7396,1
7397,1
7398,1
7399,1
7401,1
7404,1
7406,1
7408,1
7411,1
7412,1
7413,1
7415,1
7416,1
7419,1
7423,1
7424,1
7425,1
7429,1
7431,1
7432,1
7434,1
7436,1
7437,1
7439,1
7441,1
7442,1
7444,1
7446,1
7447,1
7448,1
7451,1
7452,1
7454,1
7455,1
7456,1
7457,1
7462,1
7463,1
7464,1
7465,1
7467,1
7468,1
7472,1
7476,1
7477,1
7485,1
7489,1
7491,1
7492,1
7494,1
7496,1
7498,1
7499,1
7501,1
7504,1
7505,1
7509,1
7511,1
7513,1
7516,1
7522,1
7525,1
7528,1
7529,1
7532,1
7534,1
7535,1
7536,1
7537,1
7538,1
7540,1
7541,1
7542,1
7543,1
7544,1
7545,1
7551,1
7553,1
7556,1
7562,1
7563,1
7564,1
7566,1
7568,1
7571,1
7572,1
7573,1
7575,1
7580,1
7581,1
7582,1
7585,1
7589,1
7591,1
7593,1
7594,1
7595,1
7596,1
7597,1
7601,1
7606,1
7608,1
7609,1
7610,1
7612,1
7614,1
7615,1
7617,1
7618,1
7619,1
7620,1
7621,1
7626,1
7628,1
7629,1
7631,1
7632,1
7633,1
7634,1
7637,1
7641,1
7646,1
7647,1
7648,1
7649,1
7651,1
7652,1
7653,1
7654,1
7655,1
7657,1
7658,1
7661,1
7662,1
7664,1
7665,1
7666,1
7670,1
7672,1
7673,1
7674,1
7675,1
7677,1
7680,1
7682,1
7684,1
7685,1
7686,1
7691,1
7692,1
7693,1
7695,1
7696,1
7700,1
7704,1
7705,1
7706,1
7707,1
7708,1
7712,1
7715,1
7716,1
7717,1
7719,1
7720,1
7721,1
7723,1
7724,1
7727,1
7729,1
7732,1
7735,1
7742,1
7743,1
7745,1
7747,1
7749,1
7751,1
7752,1
7757,1
7758,1
7759,1
7761,1
7763,1
7769,1
7770,1
7776,1
7777,1
7780,1
7781,1
7782,1
7783,1
7784,1
7786,1
7788,1
7789,1
7790,1
7791,1
7800,1
7802,1
7804,1
7808,1
7809,1
7812,1
7814,1
7815,1
7816,1
7819,1
7820,1
7824,1
7826,1
7829,1
7830,1
7831,1
7833,1
7834,1
7835,1
7837,1
7838,1
7839,1
7843,1
7845,1
7848,1
7850,1
7851,1
7854,1
7855,1
7857,1
7861,1
7866,1
7867,1
7868,1
7869,1
7870,1
7871,1
7873,1
7876,1
7878,1
7880,1
7881,1
7882,1
7886,1
7887,1
7888,1
7890,1
7892,1
7895,1
7897,1
7899,1
7901,1
7903,1
7905,1
7907,1
7908,1
7909,1
7912,1
7914,1
7915,1
7917,1
7918,1
7920,1
7924,1
7925,1
7927,1
7929,1
7930,1
7933,1
7936,1
7937,1
7939,1
7940,1
7941,1
7942,1
7943,1
7945,1
7946,1
7948,1
7949,1
7950,1
7952,1
7954,1
7955,1
7957,1
7963,1
7964,1
7967,1
7968,1
7970,1
7972,1
7974,1
7977,1
7978,1
7980,1
7987,1
7988,1
7989,1
7990,1
7992,1
7998,1
7999,1
8000,1
8001,1
8002,1
8003,1
8006,1
8007,1
8008,1
8013,1
8019,1
8021,1
8022,1
8027,1
8032,1
8033,1
8036,1
8039,1
8040,1
8041,1
8042,1
8043,1
8044,1
8046,1
8048,1
8049,1
8051,1
8052,1
8054,1
8055,1
8060,1
8063,1
8066,1
8068,1
8069,1
8070,1
8071,1
8072,1
8075,1
8077,1
8078,1
8079,1
8080,1
8083,1
8084,1
8085,1
8087,1
8088,1
8089,1
8092,1
8094,1
8095,1
8096,1
8099,1
8101,1
8106,1
8107,1
8108,1
8109,1
8110,1
8112,1
8113,1
8114,1
8116,1
8119,1
8120,1
8124,1
8126,1
8129,1
8132,1
8133,1
8135,1
8136,1
8137,1
8139,1
8140,1
8145,1
8146,1
8147,1
8148,1
8152,1
8153,1
8158,1
8166,1
8170,1
8171,1
8173,1
8174,1
8175,1
8178,1
8180,1
8181,1
8183,1
8184,1
8189,1
8193,1
8194,1
8195,1
8198,1
8200,1
8202,1
8205,1
8210,1
8211,1
8212,1
8214,1
8216,1
8220,1
8222,1
8224,1
8226,1
8227,1
8229,1
8232,1
8236,1
8238,1
8239,1
8240,1
8241,1
8242,1
8243,1
8245,1
8247,1
8250,1
8258,1
8259,1
8261,1
8262,1
8263,1
8267,1
8269,1
8270,1
8272,1
8278,1
8281,1
8283,1
8285,1
8286,1
8287,1
8289,1
8291,1
8293,1
8298,1
8299,1
8300,1
8302,1
8303,1
8305,1
8307,1
8310,1
8312,1
8313,1
8314,1
8318,1
8320,1
8321,1
8323,1
8324,1
8327,1
8328,1
8329,1
8330,1
8331,1
8332,1
8336,1
8338,1
8340,1
8344,1
8346,1
8349,1
8350,1
8351,1
8353,1
8357,1
8358,1
8359,1
8360,1
8361,1
8362,1
8369,1
8370,1
8372,1
8373,1
8375,1
8376,1
8378,1
8379,1
8380,1
8381,1
8382,1
8383,1
8384,1
8385,1
8386,1
8387,1
8388,1
8392,1
8394,1
8398,1
8399,1
8401,1
8402,1
8403,1
8406,1
8408,1
8409,1
8410,1
8411,1
8414,1
8416,1
8418,1
8421,1
8423,1
8424,1
8425,1
8426,1
8427,1
8428,1
8430,1
8433,1
8435,1
8438,1
8440,1
8445,1
8446,1
8451,1
8453,1
8456,1
8457,1
8458,1
8459,1
8460,1
8463,1
8466,1
8467,1
8468,1
8469,1
8470,1
8472,1
8473,1
8474,1
8475,1
8476,1
8477,1
8479,1
8481,1
8487,1
8488,1
8491,1
8492,1
8493,1
8494,1
8495,1
8496,1
8498,1
8500,1
8504,1
8510,1
8512,1
8513,1
8514,1
8516,1
8518,1
8520,1
8521,1
8522,1
8524,1
8525,1
8526,1
8527,1
8529,1
8530,1
8532,1
8534,1
8535,1
8536,1
8540,1
8541,1
8543,1
8547,1
8549,1
8551,1
8552,1
8554,1
8556,1
8557,1
8558,1
8561,1
8562,1
8563,1
8565,1
8567,1
8568,1
8570,1
8579,1
8580,1
8582,1
8585,1
8587,1
8588,1
8590,1
8591,1
8592,1
8594,1
8595,1
8599,1
8601,1
8603,1
8605,1
8610,1
8613,1
8614,1
8615,1
8617,1
8619,1
8620,1
8622,1
8623,1
8627,1
8628,1
8631,1
8636,1
8638,1
8640,1
8642,1
8643,1
8644,1
8647,1
8648,1
8649,1
8650,1
8651,1
8652,1
8653,1
8655,1
8656,1
8657,1
8659,1
8660,1
8661,1
8663,1
8664,1
8669,1
8670,1
8676,1
8677,1
8678,1
8679,1
8684,1
8685,1
8686,1
8688,1
8690,1
8695,1
8696,1
8700,1
8701,1
8702,1
8703,1
8705,1
8708,1
8710,1
8711,1
8715,1
8716,1
8717,1
8719,1
8720,1
8721,1
8722,1
8723,1
8725,1
8730,1
8731,1
8732,1
8734,1
8735,1
8738,1
8739,1
8740,1
8741,1
8742,1
8748,1
8749,1
8751,1
8752,1
8753,1
8755,1
8758,1
8760,1
8763,1
8764,1
8768,1
8771,1
8773,1
8775,1
8776,1
8777,1
8778,1
8779,1
8783,1
8784,1
8786,1
8788,1
8790,1
8791,1
8794,1
8795,1
8796,1
8797,1
8798,1
8799,1
8803,1
8805,1
8808,1
8809,1
8811,1
8814,1
8815,1
8816,1
8817,1
8822,1
8823,1
8824,1
8827,1
8828,1
8830,1
8832,1
8833,1
8834,1
8835,1
8837,1
8838,1
8844,1
8846,1
8847,1
8849,1
8852,1
8854,1
8856,1
8857,1
8859,1
8860,1
8862,1
8863,1
8864,1
8865,1
8866,1
8868,1
8870,1
8871,1
8873,1
8875,1
8877,1
8883,1
8884,1
8886,1
8888,1
8889,1
8892,1
8896,1
8897,1
8900,1
8901,1
8902,1
8903,1
8907,1
8908,1
8914,1
8915,1
8917,1
8918,1
8919,1
8921,1
8926,1
8928,1
8934,1
8937,1
8938,1
8939,1
8943,1
8944,1
8946,1
8947,1
8948,1
8949,1
8950,1
8951,1
8952,1
8953,1
8956,1
8957,1
8961,1
8964,1
8967,1
8968,1
8970,1
8971,1
8972,1
8981,1
8984,1
8985,1
8986,1
8991,1
8992,1
8993,1
8995,1
8996,1
8999,1
9005,1
9010,1
9012,1
9016,1
9019,1
9022,1
9024,1
9029,1
9030,1
9033,1
9034,1
9035,1
9037,1
9038,1
9039,1
9041,1
9045,1
9048,1
9049,1
9050,1
9052,1
9054,1
9058,1
9059,1
9063,1
9064,1
9065,1
9066,1
9067,1
9069,1
9071,1
9073,1
9077,1
9081,1
9084,1
9085,1
9087,1
9088,1
9089,1
9090,1
9092,1
9093,1
9094,1
9095,1
9096,1
9097,1
9100,1
9101,1
9102,1
9105,1
9107,1
9108,1
9113,1
9117,1
9118,1
9119,1
9120,1
9124,1
9126,1
9128,1
9133,1
9134,1
9138,1
9139,1
9140,1
9142,1
9144,1
9145,1
9148,1
9149,1
9151,1
9152,1
9153,1
9156,1
9158,1
9159,1
9161,1
9162,1
9163,1
9165,1
9171,1
9172,1
9175,1
9176,1
9178,1
9181,1
9184,1
9187,1
9188,1
9190,1
9191,1
9192,1
9196,1
9197,1
9198,1
9199,1
9200,1
9203,1
9204,1
9205,1
9206,1
9211,1
9212,1
9213,1
9214,1
9215,1
9218,1
9219,1
9220,1
9222,1
9225,1
9227,1
9228,1
9229,1
9230,1
9231,1
9232,1
9235,1
9236,1
9240,1
9241,1
9243,1
9244,1
9246,1
9247,1
9250,1
9252,1
9259,1
9261,1
9263,1
9265,1
9268,1
9271,1
9272,1
9273,1
9276,1
9278,1
9280,1
9281,1
9285,1
9286,1
9287,1
9289,1
9293,1
9296,1
9297,1
9299,1
9300,1
9305,1
9306,1
9310,1
9311,1
9314,1
9316,1
9317,1
9318,1
9319,1
9320,1
9322,1
9323,1
9325,1
9332,1
9333,1
9334,1
9337,1
9338,1
9340,1
9341,1
9345,1
9346,1
9350,1
9351,1
9355,1
9358,1
9361,1
9364,1
9365,1
9367,1
9376,1
9377,1
9378,1
9379,1
9386,1
9388,1
9391,1
9392,1
9393,1
9396,1
9397,1
9398,1
9401,1
9402,1
9403,1
9404,1
9405,1
9407,1
9409,1
9412,1
9414,1
9415,1
9418,1
9420,1
9425,1
9428,1
9431,1
9432,1
9433,1
9436,1
9438,1
9439,1
9443,1
9444,1
9445,1
9446,1
9448,1
9449,1
9450,1
9451,1
9452,1
9462,1
9463,1
9465,1
9466,1
9469,1
9470,1
9471,1
9472,1
9474,1
9475,1
9477,1
9478,1
9480,1
9482,1
9483,1
9486,1
9487,1
9489,1
9492,1
9495,1
9496,1
9497,1
9498,1
9499,1
9500,1
9504,1
9506,1
9507,1
9508,1
9509,1
9512,1
9513,1
9516,1
9518,1
9519,1
9521,1
9522,1
9524,1
9527,1
9529,1
9532,1
9533,1
9534,1
9535,1
9537,1
9538,1
9541,1
9543,1
9548,1
9552,1
9553,1
9554,1
9555,1
9558,1
9560,1
9561,1
9563,1
9564,1
9567,1
9573,1
9579,1
9580,1
9581,1
9583,1
9584,1
9585,1
9588,1
9590,1
9591,1
9592,1
9593,1
9594,1
9597,1
9602,1
9605,1
9606,1
9610,1
9613,1
9616,1
9618,1
9619,1
9620,1
9621,1
9623,1
9625,1
9634,1
9635,1
9636,1
9641,1
9642,1
9646,1
9647,1
9648,1
9652,1
9653,1
9654,1
9658,1
9660,1
9663,1
9665,1
9666,1
9668,1
9669,1
9673,1
9678,1
9679,1
9682,1
9684,1
9685,1
9686,1
9688,1
9690,1
9692,1
9693,1
9694,1
9695,1
9697,1
9698,1
9702,1
9705,1
9707,1
9711,1
9712,1
9713,1
9717,1
9718,1
9719,1
9720,1
9722,1
9723,1
9724,1
9727,1
9728,1
9734,1
9736,1
9737,1
9742,1
9743,1
9744,1
9745,1
9747,1
9751,1
9752,1
9753,1
9754,1
9757,1
9761,1
9764,1
9766,1
9767,1
9768,1
9775,1
9776,1
9778,1
9779,1
9780,1
9781,1
9783,1
9784,1
9787,1
9788,1
9789,1
9791,1
9793,1
9795,1
9796,1
9797,1
9801,1
9804,1
9806,1
9808,1
9810,1
9813,1
9814,1
9816,1
9818,1
9820,1
9824,1
9825,1
9828,1
9830,1
9832,1
9833,1
9834,1
9839,1
9840,1
9841,1
9845,1
9846,1
9847,1
9853,1
9854,1
9856,1
9859,1
9861,1
9863,1
9865,1
9866,1
9870,1
9871,1
9873,1
9874,1
9875,1
9877,1
9879,1
9881,1
9884,1
9886,1
9887,1
9890,1
9891,1
9892,1
9893,1
9894,1
9897,1
9898,1
9899,1
9900,1
9902,1
9906,1
9907,1
9908,1
9909,1
9910,1
9911,1
9917,1
9919,1
9920,1
9921,1
9922,1
9926,1
9927,1
9928,1
9929,1
9932,1
9934,1
9936,1
9937,1
9939,1
9943,1
9944,1
9945,1
9947,1
9948,1
9953,1
9954,1
9955,1
9958,1
9961,1
9962,1
9964,1
9967,1
9969,1
9971,1
9972,1
9973,1
9974,1
9975,1
9977,1
9978,1
9979,1
9980,1
9981,1
9982,1
9989,1
9990,1
9992,1
9993,1
9994,1
9997,1
10002,1
10003,1
10008,1
10018,1
10019,1
10020,1
10022,1
10023,1
10024,1
10025,1
10028,1
10032,1
10040,1
10045,1
10047,1
10048,1
10049,1
10050,1
10051,1
10054,1
10055,1
10056,1
10057,1
10058,1
10059,1
10062,1
10063,1
10065,1
10066,1
10067,1
10069,1
10071,1
10073,1
10075,1
10076,1
10077,1
10078,1
10081,1
10085,1
10086,1
10087,1
10092,1
10093,1
10095,1
10098,1
10100,1
10101,1
10102,1
10103,1
10105,1
10107,1
10109,1
10110,1
10114,1
10118,1
10119,1
10120,1
10122,1
10123,1
10125,1
10126,1
10128,1
10129,1
10130,1
10132,1
10135,1
10136,1
10137,1
10140,1
10145,1
10147,1
10148,1
10151,1
10152,1
10156,1
10157,1
10159,1
10160,1
10162,1
10163,1
10170,1
10172,1
10173,1
10175,1
10176,1
10177,1
10179,1
10180,1
10181,1
10183,1
10184,1
10185,1
10187,1
10188,1
10190,1
10193,1
10194,1
10197,1
10199,1
10201,1
10203,1
10204,1
10205,1
10208,1
10209,1
10211,1
10212,1
10213,1
10214,1
10215,1
10217,1
10218,1
10219,1
10220,1
10221,1
10223,1
10224,1
10225,1
10227,1
10228,1
10230,1
10231,1
10232,1
10233,1
10234,1
10236,1
10237,1
10239,1
10240,1
10242,1
10243,1
10244,1
10246,1
10249,1
10253,1
10254,1
10255,1
10258,1
10260,1
10261,1
10264,1
10265,1
10269,1
10272,1
10273,1
10275,1
10280,1
10283,1
10287,1
10288,1
10291,1
10292,1
10293,1
10294,1
10295,1
10296,1
10299,1
10305,1
10306,1
10313,1
10317,1
10318,1
10319,1
10322,1
10323,1
10325,1
10328,1
10330,1
10332,1
10334,1
10336,1
10338,1
10339,1
10340,1
10346,1
10347,1
10348,1
10350,1
10351,1
10352,1
10353,1
10355,1
10356,1
10357,1
10358,1
10359,1
10361,1
10362,1
10368,1
10369,1
10370,1
10371,1
10372,1
10373,1
10376,1
10378,1
10379,1
10380,1
10383,1
10385,1
10389,1
10394,1
10396,1
10397,1
10400,1
10401,1
10406,1
10407,1
10408,1
10409,1
10412,1
10414,1
10415,1
10417,1
10419,1
10421,1
10422,1
10424,1
10425,1
10435,1
10438,1
10441,1
10442,1
10444,1
10445,1
10447,1
10448,1
10450,1
10452,1
10453,1
10454,1
10456,1
10457,1
10458,1
10459,1
10463,1
10464,1
10466,1
10467,1
10468,1
10470,1
10472,1
10473,1
10474,1
10476,1
10477,1
10479,1
10482,1
10483,1
10484,1
10486,1
10489,1
10490,1
10492,1
10493,1
10494,1
10495,1
10500,1
10504,1
10507,1
10508,1
10512,1
10514,1
10519,1
10521,1
10523,1
10525,1
10526,1
10529,1
10531,1
10532,1
10534,1
10535,1
10536,1
10540,1
10541,1
10544,1
10546,1
10547,1
10549,1
10550,1
10551,1
10552,1
10554,1
10556,1
10557,1
10558,1
10560,1
10562,1
10564,1
10565,1
10570,1
10571,1
10572,1
10574,1
10575,1
10576,1
10577,1
10578,1
10579,1
10580,1
10583,1
10586,1
10590,1
10593,1
10594,1
10595,1
10596,1
10597,1
10599,1
10600,1
10602,1
10605,1
10606,1
10607,1
10609,1
10611,1
10612,1
10615,1
10618,1
10620,1
10621,1
10622,1
10625,1
10627,1
10628,1
10631,1
10634,1
10641,1
10642,1
10643,1
10644,1
10646,1
10648,1
10649,1
10653,1
10655,1
10656,1
10657,1
10659,1
10660,1
10661,1
10663,1
10664,1
10665,1
10666,1
10670,1
10674,1
10676,1
10679,1
10680,1
10682,1
10685,1
10687,1
10694,1
10696,1
10698,1
10699,1
10701,1
10702,1
10703,1
10704,1
10705,1
10706,1
10707,1
10711,1
10712,1
10715,1
10716,1
10717,1
10718,1
10720,1
10722,1
10723,1
10724,1
10728,1
10729,1
10730,1
10731,1
10732,1
10735,1
10737,1
10738,1
10744,1
10748,1
10752,1
10755,1
10756,1
10758,1
10759,1
10760,1
10761,1
10763,1
10766,1
10767,1
10771,1
10773,1
10777,1
10778,1
10780,1
10782,1
10783,1
10784,1
10785,1
10788,1
10789,1
10790,1
10791,1
10793,1
10794,1
10795,1
10797,1
10800,1
10803,1
10807,1
10808,1
10809,1
10811,1
10812,1
10816,1
10819,1
10822,1
10825,1
10827,1
10828,1
10829,1
10836,1
10838,1
10839,1
10840,1
10841,1
10843,1
10845,1
10846,1
10851,1
10856,1
10858,1
10860,1
10862,1
10866,1
10867,1
10868,1
10872,1
10873,1
10875,1
10877,1
10878,1
10879,1
10881,1
10883,1
10884,1
10886,1
10888,1
10889,1
10890,1
10892,1
10894,1
10896,1
10897,1
10900,1
10906,1
10909,1
10910,1
10911,1
10912,1
10916,1
10917,1
10919,1
10922,1
10923,1
10924,1
10925,1
10928,1
10929,1
10931,1
10932,1
10933,1
10936,1
10937,1
10938,1
10944,1
10948,1
10951,1
10956,1
10957,1
10959,1
10961,1
10962,1
10963,1
10964,1
10965,1
10966,1
10969,1
10971,1
10975,1
10977,1
10979,1
10981,1
10982,1
10984,1
10986,1
10992,1
10999,1
11000,1
11005,1
11008,1
11010,1
11011,1
11013,1
11017,1
11019,1
11021,1
11022,1
11024,1
11025,1
11026,1
11027,1
11028,1
11031,1
11033,1
11034,1
11036,1
11037,1
11038,1
11042,1
11043,1
11049,1
11050,1
11051,1
11054,1
11058,1
11059,1
11062,1
11064,1
11065,1
11068,1
11071,1
11072,1
11074,1
11077,1
11079,1
11080,1
11081,1
11084,1
11085,1
11087,1
11088,1
11089,1
11091,1
11092,1
11094,1
11096,1
11097,1
11098,1
11099,1
11100,1
11102,1
11105,1
11108,1
11111,1
11112,1
11117,1
11119,1
11122,1
11123,1
11127,1
11128,1
11129,1
11131,1
11132,1
11135,1
11137,1
11138,1
11142,1
11144,1
11145,1
11146,1
11149,1
11152,1
11153,1
11154,1
11156,1
11157,1
11160,1
11163,1
11164,1
11166,1
11168,1
11170,1
11175,1
11178,1
11181,1
11182,1
11183,1
11186,1
11189,1
11190,1
11193,1
11195,1
11197,1
11198,1
11199,1
11203,1
11206,1
11207,1
11208,1
11210,1
11211,1
11212,1
11213,1
11214,1
11215,1
11217,1
11218,1
11222,1
11223,1
11224,1
11225,1
11226,1
11227,1
11230,1
11235,1
11236,1
11237,1
11238,1
11239,1
11241,1
11242,1
11244,1
11245,1
11246,1
11251,1
11254,1
11256,1
11259,1
11261,1
11263,1
11264,1
11266,1
11267,1
11269,1
11271,1
11275,1
11283,1
11284,1
11286,1
11287,1
11289,1
11290,1
11294,1
11295,1
11297,1
11299,1
11301,1
11302,1
11303,1
11304,1
11307,1
11309,1
11312,1
11315,1
11316,1
11317,1
11318,1
11319,1
11320,1
11321,1
11322,1
11323,1
11326,1
11327,1
11328,1
11330,1
11331,1
11333,1
11335,1
11336,1
11338,1
11339,1
11341,1
11344,1
11345,1
11346,1
11348,1
11350,1
11358,1
11359,1
11360,1
11362,1
11364,1
11367,1
11370,1
11375,1
11376,1
11377,1
11378,1
11379,1
11380,1
11381,1
11382,1
11385,1
11390,1
11392,1
11395,1
11396,1
11400,1
11409,1
11410,1
11413,1
11416,1
11417,1
11419,1
11420,1
11421,1
11422,1
11423,1
11428,1
11430,1
11433,1
11435,1
11436,1
11438,1
11439,1
11442,1
11444,1
11448,1
11449,1
11453,1
11454,1
11455,1
11457,1
11458,1
11462,1
11463,1
11466,1
11469,1
11470,1
11471,1
11474,1
11481,1
11482,1
11483,1
11486,1
11487,1
11488,1
11490,1
11496,1
11497,1
11498,1
11499,1
11501,1
11503,1
11508,1
11510,1
11511,1
11516,1
11521,1
11523,1
11524,1
11525,1
11526,1
11527,1
11529,1
11530,1
11532,1
11534,1
11536,1
11538,1
11539,1
11541,1
11543,1
11544,1
11546,1
11550,1
11555,1
11562,1
11564,1
11565,1
11570,1
11571,1
11572,1
11573,1
11575,1
11576,1
11578,1
11580,1
11581,1
11582,1
11588,1
11590,1
11592,1
11595,1
11607,1
11608,1
11609,1
11612,1
11613,1
11616,1
11617,1
11618,1
11620,1
11622,1
11624,1
11625,1
11626,1
11628,1
11629,1
11630,1
11631,1
11633,1
11634,1
11635,1
11636,1
11637,1
11638,1
11640,1
11641,1
11642,1
11648,1
11649,1
11654,1
11655,1
11658,1
11661,1
11662,1
11663,1
11666,1
11668,1
11673,1
11675,1
11676,1
11677,1
11681,1
11682,1
11683,1
11684,1
11686,1
11687,1
11690,1
11691,1
11693,1
11695,1
11696,1
11699,1
11701,1
11702,1
11704,1
11706,1
11707,1
11708,1
11709,1
11710,1
11712,1
11713,1
11714,1
11715,1
11717,1
11720,1
11722,1
11724,1
11725,1
11726,1
11728,1
11731,1
11735,1
11737,1
11740,1
11741,1
11745,1
11750,1
11751,1
11752,1
11753,1
11754,1
11756,1
11758,1
11759,1
11760,1
11762,1
11764,1
11765,1
11767,1
11772,1
11773,1
11774,1
11775,1
11776,1
11777,1
11778,1
11782,1
11783,1
11784,1
11786,1
11788,1
11792,1
11793,1
11795,1
11796,1
11798,1
11799,1
11803,1
11804,1
11807,1
11810,1
11811,1
11813,1
11815,1
11816,1
11817,1
11818,1
11821,1
11825,1
11826,1
11828,1
11831,1
11832,1
11838,1
11839,1
11840,1
11841,1
11842,1
11843,1
11848,1
11849,1
11850,1
11851,1
11852,1
11853,1
11855,1
11857,1
11858,1
11865,1
11866,1
11867,1
11868,1
11869,1
11871,1
11872,1
11874,1
11877,1
11878,1
11880,1
11882,1
11886,1
11887,1
11888,1
11891,1
11893,1
11894,1
11895,1
11896,1
11898,1
11900,1
11901,1
11903,1
11904,1
11908,1
11909,1
11910,1
11913,1
11917,1
11918,1
11920,1
11922,1
11927,1
11929,1
11930,1
11932,1
11934,1
11935,1
11938,1
11939,1
11946,1
11947,1
11948,1
11949,1
11950,1
11951,1
11952,1
11953,1
11954,1
11957,1
11964,1
11965,1
11968,1
11970,1
11971,1
11972,1
11973,1
11974,1
11976,1
11980,1
11984,1
11985,1
11986,1
11987,1
11989,1
11990,1
11994,1
11995,1
11996,1
11997,1
11999,1
12000,1
12002,1
12003,1
12008,1
12009,1
12012,1
12015,1
12019,1
12020,1
12021,1
12022,1
12023,1
12025,1
12026,1
12029,1
12032,1
12034,1
12036,1
12037,1
12047,1
12053,1
12054,1
12056,1
12057,1
12058,1
12059,1
12060,1
12063,1
12064,1
12065,1
12066,1
12067,1
12070,1
12071,1
12073,1
12076,1
12077,1
12078,1
12079,1
12080,1
12085,1
12092,1
12093,1
12096,1
12097,1
12099,1
12101,1
12102,1
12103,1
12105,1
12107,1
12108,1
12109,1
12112,1
12113,1
12120,1
12122,1
12123,1
12125,1
12126,1
12129,1
12131,1
12134,1
12135,1
12138,1
12139,1
12142,1
12146,1
12147,1
12148,1
12149,1
12151,1
12152,1
12155,1
12163,1
12164,1
12168,1
12172,1
12175,1
12177,1
12179,1
12182,1
12183,1
12185,1
12188,1
12191,1
12192,1
12195,1
12198,1
12202,1
12203,1
12206,1
12209,1
12211,1
12218,1
12221,1
12222,1
12223,1
12224,1
12228,1
12229,1
12230,1
12232,1
12236,1
12238,1
12240,1
12245,1
12246,1
12247,1
12248,1
12249,1
12250,1
12251,1
12253,1
12255,1
12256,1
12259,1
12260,1
12263,1
12265,1
12267,1
12270,1
12272,1
12275,1
12277,1
12278,1
12279,1
12280,1
12281,1
12282,1
12284,1
12286,1
12288,1
12291,1
12296,1
12299,1
12303,1
12304,1
12305,1
12307,1
12310,1
12313,1
12315,1
12316,1
12317,1
12320,1
12327,1
12328,1
12330,1
12332,1
12333,1
12334,1
12335,1
12337,1
12338,1
12339,1
12340,1
12341,1
12342,1
12344,1
12346,1
12351,1
12352,1
12355,1
12356,1
12359,1
12363,1
12366,1
12367,1
12368,1
12374,1
12375,1
12376,1
12377,1
12379,1
12381,1
12383,1
12384,1
12385,1
12388,1
12393,1
12394,1
12400,1
12402,1
12403,1
12404,1
12407,1
12408,1
12409,1
12410,1
12412,1
12413,1
12414,1
12415,1
12417,1
12421,1
12422,1
12423,1
12424,1
12425,1
12426,1
12427,1
12428,1
12429,1
12431,1
12433,1
12436,1
12438,1
12441,1
12442,1
12444,1
12445,1
12447,1
12448,1
12450,1
12452,1
12453,1
12454,1
12455,1
12458,1
12459,1
12461,1
12462,1
12463,1
12467,1
12472,1
12477,1
12482,1
12484,1
12485,1
12486,1
12491,1
12492,1
12493,1
12495,1
12498,1
12499,1
12500,1
12503,1
12505,1
12506,1
12508,1
12509,1
12510,1
12511,1
12512,1
12521,1
12524,1
12526,1
12528,1
12530,1
12533,1
12534,1
12543,1
12544,1
12547,1
12549,1
12550,1
12551,1
12553,1
12556,1
12557,1
12558,1
12562,1
12563,1
12565,1
12566,1
12567,1
12568,1
12569,1
12571,1
12576,1
12578,1
12581,1
12583,1
12584,1
12586,1
12587,1
12588,1
12589,1
12590,1
12595,1
12597,1
12600,1
12602,1
12604,1
12606,1
12608,1
12609,1
12616,1
12618,1
12620,1
12621,1
12622,1
12623,1
12624,1
12625,1
12627,1
12630,1
12631,1
12633,1
12634,1
12635,1
12637,1
12638,1
12640,1
12646,1
12648,1
12649,1
12652,1
12653,1
12655,1
12657,1
12659,1
12660,1
12661,1
12662,1
12663,1
12666,1
12669,1
12670,1
12673,1
12674,1
12675,1
12677,1
12680,1
12682,1
12684,1
12685,1
12687,1
12688,1
12690,1
12693,1
12694,1
12695,1
12696,1
12697,1
12700,1
12701,1
12704,1
12705,1
12708,1
12710,1
12712,1
12714,1
12719,1
12721,1
12722,1
12724,1
12726,1
12728,1
12729,1
12730,1
12736,1
12739,1
12741,1
12742,1
12743,1
12744,1
12745,1
12746,1
12747,1
12750,1
12751,1
12755,1
12757,1
12760,1
12766,1
12767,1
12768,1
12769,1
12771,1
12776,1
12778,1
12780,1
12781,1
12782,1
12783,1
12784,1
12787,1
12789,1
12793,1
12794,1
12795,1
12796,1
12797,1
12798,1
12799,1
12800,1
12805,1
12807,1
12808,1
12809,1
12810,1
12812,1
12815,1
12819,1
12820,1
12821,1
12823,1
12824,1
12825,1
12827,1
12828,1
12829,1
12830,1
12832,1
12833,1
12838,1
12841,1
12842,1
12844,1
12845,1
12847,1
12850,1
12851,1
12852,1
12854,1
12855,1
12856,1
12857,1
12858,1
12860,1
12861,1
12862,1
12863,1
12865,1
12867,1
12868,1
12869,1
12870,1
12871,1
12872,1
12873,1
12874,1
12878,1
12883,1
12885,1
12888,1
12889,1
12893,1
12894,1
12895,1
12896,1
12899,1
12901,1
12904,1
12905,1
12906,1
12907,1
12909,1
12910,1
12911,1
12914,1
12916,1
12919,1
12921,1
12922,1
12923,1
12926,1
12927,1
12930,1
12933,1
12936,1
12937,1
12938,1
12941,1
12944,1
12945,1
12946,1
12947,1
12948,1
12949,1
12951,1
12953,1
12955,1
12956,1
12957,1
12959,1
12960,1
12961,1
12962,1
12963,1
12967,1
12968,1
12970,1
12972,1
12973,1
12976,1
12977,1
12978,1
12980,1
12981,1
12982,1
12983,1
12984,1
12987,1
12988,1
12989,1
12990,1
12996,1
12998,1
12999,1
13000,1
13001,1
13007,1
13008,1
13011,1
13013,1
13015,1
13016,1
13018,1
13021,1
13023,1
13025,1
13026,1
13027,1
13028,1
13030,1
13032,1
13033,1
13034,1
13039,1
13040,1
13041,1
13045,1
13046,1
13047,1
13048,1
13049,1
13050,1
13053,1
13054,1
13055,1
13057,1
13058,1
13060,1
13062,1
13063,1
13068,1
13070,1
13071,1
13074,1
13075,1
13077,1
13079,1
13084,1
13085,1
13087,1
13089,1
13091,1
13092,1
13094,1
13095,1
13097,1
13098,1
13099,1
13100,1
13101,1
13102,1
13103,1
13105,1
13106,1
13108,1
13111,1
13116,1
13120,1
13122,1
13123,1
13126,1
13128,1
13129,1
13130,1
13133,1
13134,1
13135,1
13139,1
13140,1
13142,1
13143,1
13144,1
13146,1
13147,1
13148,1
13151,1
13155,1
13160,1
13164,1
13165,1
13168,1
13169,1
13172,1
13173,1
13174,1
13175,1
13176,1
13177,1
13178,1
13180,1
13182,1
13183,1
13184,1
13185,1
13186,1
13188,1
13189,1
13190,1
13194,1
13196,1
13198,1
13199,1
13205,1
13206,1
13207,1
13208,1
13209,1
13211,1
13214,1
13216,1
13217,1
13219,1
13221,1
13222,1
13224,1
13225,1
13228,1
13230,1
13232,1
13233,1
13236,1
13237,1
13244,1
13246,1
13249,1
13251,1
13255,1
13257,1
13259,1
13260,1
13261,1
13265,1
13266,1
13269,1
13270,1
13272,1
13274,1
13275,1
13277,1
13278,1
13279,1
13282,1
13284,1
13285,1
13286,1
13289,1
13290,1
13291,1
13294,1
13295,1
13296,1
13297,1
13298,1
13300,1
13301,1
13303,1
13304,1
13308,1
13309,1
13311,1
13314,1
13315,1
13317,1
13324,1
13325,1
13326,1
13327,1
13330,1
13331,1
13332,1
13333,1
13338,1
13339,1
13341,1
13342,1
13343,1
13344,1
13349,1
13351,1
13354,1
13356,1
13357,1
13359,1
13361,1
13362,1
13366,1
13369,1
13370,1
13372,1
13377,1
13379,1
13380,1
13381,1
13383,1
13386,1
13390,1
13392,1
13393,1
13394,1
13395,1
13396,1
13399,1
13400,1
13401,1
13406,1
13409,1
13416,1
13417,1
13418,1
13419,1
13424,1
13425,1
13428,1
13431,1
13434,1
13438,1
13439,1
13441,1
13446,1
13447,1
13448,1
13449,1
13450,1
13451,1
13452,1
13454,1
13456,1
13458,1
13460,1
13461,1
13463,1
13464,1
13466,1
13468,1
13469,1
13471,1
13472,1
13473,1
13474,1
13477,1
13479,1
13480,1
13483,1
13485,1
13486,1
13489,1
13490,1
13493,1
13496,1
13497,1
13501,1
13504,1
13505,1
13506,1
13508,1
13511,1
13512,1
13513,1
13514,1
13515,1
13516,1
13518,1
13520,1
13521,1
13522,1
13523,1
13524,1
13525,1
13526,1
13532,1
13535,1
13537,1
13538,1
13539,1
13540,1
13542,1
13544,1
13546,1
13549,1
13550,1
13551,1
13553,1
13554,1
13556,1
13559,1
13560,1
13562,1
13563,1
13564,1
13565,1
13567,1
13570,1
13571,1
13572,1
13574,1
13578,1
13579,1
13586,1
13587,1
13588,1
13589,1
13590,1
13592,1
13593,1
13595,1
13596,1
13598,1
13599,1
13601,1
13602,1
13603,1
13604,1
13605,1
13606,1
13608,1
13609,1
13611,1
13612,1
13613,1
13616,1
13617,1
13618,1
13620,1
13622,1
13626,1
13627,1
13629,1
13630,1
13631,1
13632,1
13636,1
13638,1
13639,1
13640,1
13643,1
13644,1
13646,1
13648,1
13652,1
13654,1
13656,1
13658,1
13659,1
13660,1
13661,1
13662,1
13663,1
13665,1
13667,1
13668,1
13669,1
13673,1
13675,1
13676,1
13677,1
13678,1
13679,1
13681,1
13688,1
13689,1
13693,1
13695,1
13699,1
13701,1
13702,1
13703,1
13704,1
13705,1
13708,1
13709,1
13710,1
13711,1
13713,1
13714,1
13718,1
13719,1
13723,1
13724,1
13725,1
13728,1
13732,1
13733,1
13734,1
13735,1
13737,1
13738,1
13739,1
13740,1
13741,1
13745,1
13746,1
13748,1
13750,1
13751,1
13752,1
13754,1
13759,1
13760,1
13761,1
13763,1
13764,1
13768,1
13769,1
13771,1
13773,1
13774,1
13777,1
13779,1
13780,1
13781,1
13783,1
13784,1
13785,1
13788,1
13791,1
13792,1
13793,1
13798,1
13799,1
13801,1
13802,1
13804,1
13805,1
13806,1
13807,1
13810,1
13811,1
13813,1
13814,1
13818,1
13819,1
13823,1
13825,1
13826,1
13828,1
13830,1
13831,1
13833,1
13834,1
13835,1
13838,1
13840,1
13841,1
13842,1
13844,1
13845,1
13848,1
13850,1
13854,1
13857,1
13858,1
13859,1
13860,1
13862,1
13863,1
13864,1
13868,1
13871,1
13873,1
13875,1
13876,1
13878,1
13881,1
13883,1
13884,1
13885,1
13891,1
13892,1
13893,1
13894,1
13899,1
13901,1
13902,1
13904,1
13907,1
13909,1
13910,1
13913,1
13915,1
13916,1
13918,1
13919,1
13922,1
13926,1
13927,1
13929,1
13931,1
13932,1
13934,1
13935,1
13937,1
13940,1
13943,1
13944,1
13946,1
13948,1
13952,1
13956,1
13961,1
13962,1
13963,1
13964,1
13965,1
13967,1
13968,1
13970,1
13971,1
13972,1
13974,1
13976,1
13977,1
13983,1
13985,1
13987,1
13988,1
13989,1
13990,1
13991,1
13992,1
13999,1
14000,1
14002,1
14005,1
14008,1
14012,1
14014,1
14015,1
14017,1
14019,1
14021,1
14022,1
14025,1
14026,1
14027,1
14032,1
14033,1
14034,1
14035,1
14041,1
14044,1
14045,1
14046,1
14047,1
14049,1
14050,1
14053,1
14056,1
14057,1
14058,1
14063,1
14065,1
14066,1
14067,1
14068,1
14071,1
14073,1
14076,1
14077,1
14078,1
14080,1
14081,1
14084,1
14089,1
14090,1
14092,1
14097,1
14098,1
14101,1
14104,1
14106,1
14107,1
14109,1
14111,1
14112,1
14113,1
14115,1
14117,1
14120,1
14121,1
14122,1
14123,1
14127,1
14128,1
14130,1
14133,1
14134,1
14135,1
14141,1
14144,1
14148,1
14150,1
14154,1
14156,1
14157,1
14158,1
14162,1
14163,1
14166,1
14167,1
14168,1
14171,1
14174,1
14175,1
14178,1
14179,1
14181,1
14182,1
14184,1
14185,1
14189,1
14192,1
14196,1
14197,1
14199,1
14200,1
14204,1
14205,1
14207,1
14209,1
14210,1
14212,1
14214,1
14216,1
14218,1
14220,1
14224,1
14227,1
14228,1
14229,1
14231,1
14234,1
14237,1
14238,1
14244,1
14250,1
14251,1
14258,1
14261,1
14267,1
14270,1
14271,1
14273,1
14276,1
14277,1
14279,1
14280,1
14283,1
14284,1
14285,1
14287,1
14292,1
14293,1
14294,1
14295,1
14296,1
14299,1
14303,1
14307,1
14308,1
14309,1
14312,1
14313,1
14314,1
14315,1
14317,1
14318,1
14319,1
14322,1
14323,1
14326,1
14328,1
14330,1
14331,1
14333,1
14337,1
14340,1
14341,1
14345,1
14348,1
14351,1
14353,1
14355,1
14356,1
14357,1
14359,1
14366,1
14368,1
14369,1
14370,1
14371,1
14374,1
14375,1
14377,1
14382,1
14385,1
14389,1
14390,1
14391,1
14393,1
14394,1
14395,1
14397,1
14400,1
14401,1
14402,1
14403,1
14404,1
14407,1
14409,1
14411,1
14412,1
14414,1
14418,1
14419,1
14420,1
14421,1
14424,1
14425,1
14426,1
14429,1
14430,1
14435,1
14436,1
14437,1
14438,1
14439,1
14441,1
14443,1
14445,1
14446,1
14448,1
14449,1
14450,1
14455,1
14456,1
14457,1
14459,1
14460,1
14461,1
14462,1
14463,1
14465,1
14467,1
14470,1
14472,1
14473,1
14475,1
14477,1
14487,1
14488,1
14491,1
14492,1
14495,1
14496,1
14499,1
14502,1
14505,1
14506,1
14507,1
14509,1
14510,1
14511,1
14512,1
14514,1
14515,1
14516,1
14517,1
14522,1
14524,1
14528,1
14530,1
14532,1
14533,1
14535,1
14536,1
14538,1
14540,1
14541,1
14542,1
14544,1
14550,1
14551,1
14560,1
14563,1
14564,1
14565,1
14567,1
14568,1
14569,1
14570,1
14573,1
14574,1
14575,1
14576,1
14581,1
14586,1
14587,1
14588,1
14590,1
14595,1
14596,1
14597,1
14599,1
14601,1
14603,1
14605,1
14606,1
14607,1
14608,1
14609,1
14612,1
14614,1
14615,1
14616,1
14617,1
14618,1
14620,1
14621,1
14622,1
14623,1
14625,1
14628,1
14634,1
14637,1
14638,1
14641,1
14645,1
14647,1
14648,1
14649,1
14651,1
14653,1
14657,1
14658,1
14660,1
14662,1
14663,1
14664,1
14665,1
14668,1
14670,1
14673,1
14674,1
14675,1
14677,1
14678,1
14680,1
14681,1
14682,1
14688,1
14689,1
14691,1
14692,1
14693,1
14696,1
14698,1
14700,1
14701,1
14702,1
14703,1
14706,1
14708,1
14709,1
14711,1
14716,1
14717,1
14718,1
14720,1
14721,1
14722,1
14723,1
14724,1
14725,1
14726,1
14727,1
14729,1
14732,1
14736,1
14737,1
14738,1
14739,1
14740,1
14741,1
14744,1
14746,1
14750,1
14751,1
14753,1
14754,1
14756,1
14757,1
14759,1
14760,1
14763,1
14767,1
14771,1
14777,1
14780,1
14783,1
14785,1
14786,1
14789,1
14790,1
14791,1
14793,1
14796,1
14797,1
14798,1
14800,1
14802,1
14805,1
14806,1
14807,1
14810,1
14812,1
14813,1
14814,1
14815,1
14817,1
14818,1
14819,1
14822,1
14824,1
14825,1
14827,1
14829,1
14831,1
14833,1
14836,1
14837,1
14838,1
14839,1
14841,1
14842,1
14843,1
14844,1
14849,1
14851,1
14852,1
14855,1
14856,1
14857,1
14858,1
14860,1
14861,1
14862,1
14865,1
14866,1
14868,1
14870,1
14871,1
14873,1
14874,1
14877,1
14879,1
14880,1
14883,1
14884,1
14885,1
14889,1
14890,1
14892,1
14894,1
14896,1
14899,1
14900,1
14902,1
14904,1
14907,1
14908,1
14909,1
14911,1
14913,1
14915,1
14917,1
14919,1
14920,1
14922,1
14924,1
14931,1
14934,1
14936,1
14937,1
14941,1
14943,1
14947,1
14948,1
14952,1
14953,1
14954,1
14957,1
14959,1
14960,1
14961,1
14963,1
14965,1
14966,1
14967,1
14969,1
14970,1
14971,1
14973,1
14974,1
14976,1
14977,1
14978,1
14980,1
14982,1
14984,1
14987,1
14990,1
14991,1
14993,1
14995,1
14996,1
15000,1
15001,1
15002,1
15004,1
15012,1
15016,1
15017,1
15018,1
15022,1
15024,1
15026,1
15027,1
15028,1
15029,1
15030,1
15032,1
15034,1
15036,1
15037,1
15038,1
15039,1
15042,1
15043,1
15045,1
15046,1
15047,1
15051,1
15052,1
15053,1
15059,1
15061,1
15062,1
15066,1
15068,1
15069,1
15070,1
15072,1
15076,1
15078,1
15079,1
15080,1
15081,1
15084,1
15086,1
15087,1
15089,1
15090,1
15091,1
15092,1
15095,1
15096,1
15097,1
15099,1
15101,1
15102,1
15103,1
15105,1
15106,1
15108,1
15109,1
15110,1
15111,1
15112,1
15113,1
15115,1
15117,1
15118,1
15119,1
15120,1
15121,1
15127,1
15128,1
15130,1
15132,1
15133,1
15135,1
15136,1
15138,1
15139,1
15140,1
15143,1
15145,1
15146,1
15148,1
15152,1
15153,1
15154,1
15155,1
15156,1
15158,1
15159,1
15160,1
15161,1
15164,1
15166,1
15172,1
15173,1
15174,1
15178,1
15180,1
15181,1
15184,1
15185,1
15189,1
15191,1
15192,1
15195,1
15197,1
15198,1
15202,1
15205,1
15206,1
15209,1
15215,1
15216,1
15218,1
15220,1
15221,1
15222,1
15223,1
15224,1
15225,1
15226,1
15227,1
15231,1
15233,1
15234,1
15235,1
15241,1
15242,1
15244,1
15245,1
15246,1
15247,1
15248,1
15250,1
15251,1
15252,1
15253,1
15255,1
15259,1
15261,1
15263,1
15264,1
15266,1
15270,1
15271,1
15274,1
15276,1
15277,1
15278,1
15283,1
15284,1
15285,1
15289,1
15290,1
15291,1
15292,1
15296,1
15300,1
15301,1
15303,1
15304,1
15306,1
15308,1
15311,1
15313,1
15319,1
15321,1
15326,1
15328,1
15329,1
15330,1
15333,1
15338,1
15343,1
15345,1
15346,1
15347,1
15349,1
15350,1
15351,1
15352,1
15353,1
15355,1
15358,1
15360,1
15361,1
15362,1
15364,1
15366,1
15368,1
15372,1
15374,1
15377,1
15378,1
15380,1
15383,1
15384,1
15387,1
15388,1
15389,1
15391,1
15393,1
15399,1
15402,1
15405,1
15407,1
15411,1
15414,1
15416,1
15420,1
15421,1
15429,1
15433,1
15436,1
15440,1
15441,1
15442,1
15443,1
15445,1
15447,1
15449,1
15452,1
15456,1
15461,1
15462,1
15467,1
15471,1
15475,1
15477,1
15478,1
15483,1
15485,1
15488,1
15492,1
15493,1
15494,1
15495,1
15496,1
15499,1
15501,1
15502,1
15503,1
15504,1
15506,1
15507,1
15510,1
15513,1
15517,1
15518,1
15519,1
15520,1
15526,1
15527,1
15529,1
15530,1
15532,1
15533,1
15535,1
15536,1
15537,1
15538,1
15540,1
15544,1
15546,1
15548,1
15549,1
15551,1
15552,1
15553,1
15556,1
15558,1
15560,1
15561,1
15564,1
15565,1
15567,1
15568,1
15569,1
15570,1
15572,1
15575,1
15579,1
15580,1
15581,1
15582,1
15583,1
15585,1
15587,1
15588,1
15589,1
15593,1
15594,1
15596,1
15599,1
15600,1
15603,1
15605,1
15607,1
15608,1
15609,1
15610,1
15613,1
15614,1
15618,1
15620,1
15621,1
15623,1
15627,1
15628,1
15630,1
15631,1
15632,1
15634,1
15636,1
15637,1
15639,1
15641,1
15642,1
15645,1
15646,1
15648,1
15650,1
15652,1
15656,1
15657,1
15659,1
15660,1
15661,1
15664,1
15665,1
15668,1
15669,1
15670,1
15671,1
15672,1
15673,1
15674,1
15677,1
15678,1
15680,1
15683,1
15686,1
15689,1
15690,1
15692,1
15694,1
15697,1
15702,1
15704,1
15705,1
15707,1
15709,1
15718,1
15720,1
15721,1
15723,1
15724,1
15725,1
15726,1
15727,1
15728,1
15730,1
15731,1
15732,1
15733,1
15734,1
15736,1
15737,1
15739,1
15740,1
15741,1
15743,1
15744,1
15745,1
15747,1
15748,1
15749,1
15750,1
15752,1
15753,1
15754,1
15755,1
15756,1
15759,1
15760,1
15761,1
15762,1
15764,1
15770,1
15773,1
15775,1
15782,1
15783,1
15784,1
15786,1
15787,1
15789,1
15794,1
15795,1
15796,1
15802,1
15805,1
15807,1
15808,1
15815,1
15816,1
15818,1
15819,1
15821,1
15822,1
15824,1
15825,1
15826,1
15830,1
15831,1
15834,1
15836,1
15838,1
15839,1
15841,1
15843,1
15845,1
15847,1
15850,1
15852,1
15858,1
15859,1
15860,1
15864,1
15866,1
15868,1
15870,1
15871,1
15872,1
15874,1
15876,1
15882,1
15884,1
15886,1
15889,1
15891,1
15894,1
15895,1
15896,1
15898,1
15901,1
15903,1
15905,1
15906,1
15907,1
15908,1
15910,1
15912,1
15914,1
15915,1
15917,1
15918,1
15922,1
15923,1
15924,1
15925,1
15933,1
15935,1
15938,1
15939,1
15940,1
15941,1
15942,1
15945,1
15946,1
15947,1
15948,1
15949,1
15952,1
15956,1
15957,1
15959,1
15961,1
15964,1
15965,1
15968,1
15970,1
15971,1
15974,1
15975,1
15978,1
15979,1
15981,1
15982,1
15984,1
15987,1
15988,1
15991,1
15995,1
15997,1
15998,1
15999,1
16003,1
16005,1
16006,1
16008,1
16009,1
16011,1
16016,1
16017,1
16019,1
16020,1
16021,1
16023,1
16024,1
16025,1
16026,1
16028,1
16029,1
16030,1
16031,1
16032,1
16033,1
16034,1
16035,1
16036,1
16037,1
16038,1
16040,1
16042,1
16043,1
16045,1
16046,1
16048,1
16051,1
16054,1
16056,1
16057,1
16062,1
16063,1
16064,1
16065,1
16067,1
16069,1
16070,1
16071,1
16072,1
16074,1
16075,1
16077,1
16083,1
16085,1
16087,1
16088,1
16089,1
16090,1
16091,1
16092,1
16097,1
16098,1
16099,1
16100,1
16101,1
16102,1
16105,1
16108,1
16109,1
16113,1
16114,1
16115,1
16118,1
16119,1
16120,1
16124,1
16126,1
16130,1
16131,1
16132,1
16133,1
16135,1
16136,1
16138,1
16139,1
16141,1
16142,1
16144,1
16145,1
16146,1
16147,1
16148,1
16150,1
16154,1
16156,1
16158,1
16159,1
16161,1
16162,1
16163,1
16164,1
16166,1
16167,1
16169,1
16171,1
16172,1
16173,1
16174,1
16176,1
16179,1
16180,1
16181,1
16183,1
16184,1
16187,1
16189,1
16192,1
16193,1
16195,1
16197,1
16198,1
16202,1
16204,1
16205,1
16206,1
16207,1
16208,1
16210,1
16211,1
16212,1
16213,1
16214,1
16215,1
16219,1
16222,1
16223,1
16224,1
16226,1
16227,1
16228,1
16230,1
16232,1
16235,1
16236,1
16237,1
16239,1
16242,1
16246,1
16247,1
16248,1
16250,1
16251,1
16252,1
16254,1
16255,1
16257,1
16258,1
16261,1
16263,1
16266,1
16268,1
16270,1
16273,1
16274,1
16277,1
16278,1
16279,1
16282,1
16283,1
16284,1
16286,1
16287,1
16289,1
16291,1
16296,1
16297,1
16302,1
16303,1
16305,1
16306,1
16307,1
16308,1
16311,1
16314,1
16315,1
16316,1
16321,1
16322,1
16323,1
16324,1
16326,1
16327,1
16329,1
16330,1
16333,1
16334,1
16335,1
16336,1
16337,1
16338,1
16340,1
16342,1
16344,1
16350,1
16351,1
16352,1
16353,1
16355,1
16359,1
16360,1
16361,1
16363,1
16364,1
16365,1
16368,1
16369,1
16370,1
16371,1
16372,1
16373,1
16375,1
16377,1
16378,1
16384,1
16385,1
16386,1
16395,1
16398,1
16400,1
16401,1
16404,1
16406,1
16407,1
16409,1
16410,1
16412,1
16413,1
16414,1
16415,1
16417,1
16418,1
16421,1
16422,1
16423,1
16427,1
16428,1
16429,1
16431,1
16432,1
16435,1
16436,1
16437,1
16439,1
16441,1
16442,1
16444,1
16445,1
16447,1
16450,1
16452,1
16454,1
16456,1
16459,1
16462,1
16464,1
16466,1
16467,1
16468,1
16471,1
16473,1
16475,1
16479,1
16481,1
16484,1
16487,1
16488,1
16489,1
16490,1
16492,1
16493,1
16495,1
16496,1
16497,1
16498,1
16501,1
16502,1
16503,1
16504,1
16505,1
16506,1
16507,1
16508,1
16511,1
16513,1
16514,1
16522,1
16524,1
16526,1
16528,1
16529,1
16530,1
16535,1
16537,1
16539,1
16541,1
16543,1
16547,1
16548,1
16549,1
16552,1
16557,1
16558,1
16559,1
16561,1
16565,1
16566,1
16567,1
16568,1
16571,1
16572,1
16573,1
16574,1
16575,1
16578,1
16579,1
16580,1
16584,1
16585,1
16589,1
16590,1
16591,1
16593,1
16595,1
16596,1
16597,1
16598,1
16601,1
16603,1
16604,1
16608,1
16610,1
16611,1
16617,1
16618,1
16621,1
16622,1
16624,1
16626,1
16627,1
16628,1
16629,1
16631,1
16633,1
16634,1
16636,1
16637,1
16638,1
16640,1
16641,1
16643,1
16644,1
16645,1
16646,1
16647,1
16652,1
16655,1
16656,1
16660,1
16661,1
16664,1
16666,1
16668,1
16671,1
16672,1
16674,1
16677,1
16678,1
16682,1
16685,1
16687,1
16690,1
16691,1
16692,1
16694,1
16696,1
16697,1
16699,1
16700,1
16703,1
16704,1
16706,1
16708,1
16710,1
16712,1
16713,1
16714,1
16716,1
16717,1
16719,1
16720,1
16723,1
16724,1
16725,1
16726,1
16729,1
16734,1
16735,1
16736,1
16738,1
16739,1
16740,1
16741,1
16742,1
16743,1
16745,1
16746,1
16747,1
16748,1
16749,1
16752,1
16756,1
16757,1
16759,1
16760,1
16762,1
16763,1
16765,1
16766,1
16769,1
16770,1
16773,1
16774,1
16776,1
16777,1
16778,1
16782,1
16783,1
16786,1
16787,1
16788,1
16790,1
16793,1
16794,1
16797,1
16799,1
16801,1
16802,1
16803,1
16804,1
16807,1
16808,1
16809,1
16811,1
16812,1
16813,1
16814,1
16815,1
16816,1
16818,1
16819,1
16821,1
16823,1
16824,1
16829,1
16831,1
16836,1
16838,1
16839,1
16841,1
16842,1
16847,1
16848,1
16850,1
16851,1
16854,1
16857,1
16858,1
16859,1
16861,1
16863,1
16864,1
16868,1
16870,1
16874,1
16875,1
16876,1
16877,1
16879,1
16880,1
16881,1
16885,1
16888,1
16889,1
16891,1
16895,1
16898,1
16899,1
16900,1
16901,1
16904,1
16906,1
16907,1
16909,1
16911,1
16913,1
16914,1
16915,1
16916,1
16919,1
16920,1
16927,1
16928,1
16930,1
16931,1
16932,1
16934,1
16942,1
16943,1
16944,1
16948,1
16949,1
16950,1
16952,1
16953,1
16954,1
16955,1
16958,1
16960,1
16966,1
16967,1
16969,1
16972,1
16973,1
16974,1
16975,1
16978,1
16980,1
16982,1
16984,1
16986,1
16988,1
16989,1
16991,1
16994,1
16995,1
16996,1
17000,1
17001,1
17007,1
17008,1
17010,1
17012,1
17013,1
17014,1
17015,1
17017,1
17018,1
17021,1
17025,1
17030,1
17031,1
17032,1
17039,1
17040,1
17042,1
17044,1
17048,1
17050,1
17051,1
17052,1
17055,1
17060,1
17064,1
17066,1
17067,1
17070,1
17071,1
17073,1
17074,1
17075,1
17077,1
17079,1
17082,1
17084,1
17087,1
17088,1
17090,1
17091,1
17093,1
17094,1
17096,1
17098,1
17099,1
17103,1
17105,1
17107,1
17110,1
17111,1
17122,1
17123,1
17127,1
17128,1
17130,1
17133,1
17135,1
17136,1
17137,1
17141,1
17142,1
17143,1
17144,1
17145,1
17147,1
17149,1
17152,1
17154,1
17157,1
17159,1
17160,1
17161,1
17165,1
17167,1
17169,1
17171,1
17173,1
17174,1
17175,1
17176,1
17177,1
17178,1
17179,1
17180,1
17181,1
17182,1
17183,1
17184,1
17187,1
17192,1
17194,1
17197,1
17198,1
17199,1
17200,1
17201,1
17202,1
17206,1
17207,1
17211,1
17212,1
17214,1
17215,1
17217,1
17218,1
17221,1
17223,1
17224,1
17225,1
17228,1
17231,1
17235,1
17236,1
17237,1
17238,1
17239,1
17240,1
17242,1
17243,1
17244,1
17245,1
17246,1
17248,1
17249,1
17250,1
17252,1
17253,1
17265,1
17270,1
17274,1
17276,1
17278,1
17280,1
17283,1
17284,1
17285,1
17286,1
17289,1
17293,1
17294,1
17295,1
17297,1
17300,1
17301,1
17302,1
17308,1
17310,1
17314,1
17316,1
17319,1
17320,1
17322,1
17323,1
17324,1
17325,1
17327,1
17329,1
17331,1
17332,1
17334,1
17335,1
17336,1
17337,1
17338,1
17339,1
17340,1
17341,1
17345,1
17347,1
17356,1
17357,1
17358,1
17359,1
17362,1
17364,1
17365,1
17366,1
17367,1
17368,1
17369,1
17370,1
17371,1
17372,1
17374,1
17375,1
17378,1
17379,1
17380,1
17381,1
17383,1
17384,1
17387,1
17388,1
17389,1
17390,1
17394,1
17397,1
17398,1
17400,1
17402,1
17403,1
17407,1
17408,1
17410,1
17411,1
17412,1
17417,1
17418,1
17419,1
17420,1
17425,1
17427,1
17428,1
17429,1
17433,1
17434,1
17436,1
17437,1
17438,1
17441,1
17442,1
17443,1
17444,1
17448,1
17449,1
17451,1
17454,1
17457,1
17460,1
17461,1
17462,1
17464,1
17465,1
17467,1
17468,1
17469,1
17473,1
17476,1
17477,1
17480,1
17481,1
17484,1
17485,1
17486,1
17491,1
17492,1
17493,1
17494,1
17499,1
17503,1
17504,1
17508,1
17509,1
17510,1
17512,1
17517,1
17519,1
17520,1
17523,1
17524,1
17525,1
17528,1
17531,1
17532,1
17534,1
17536,1
17537,1
17542,1
17549,1
17551,1
17554,1
17557,1
17560,1
17561,1
17563,1
17564,1
17565,1
17570,1
17571,1
17572,1
17574,1
17575,1
17578,1
17580,1
17582,1
17583,1
17590,1
17592,1
17594,1
17595,1
17596,1
17597,1
17598,1
17599,1
17605,1
17606,1
17607,1
17608,1
17612,1
17614,1
17619,1
17621,1
17622,1
17623,1
17625,1
17626,1
17628,1
17629,1
17636,1
17637,1
17640,1
17641,1
17642,1
17644,1
17648,1
17652,1
17655,1
17656,1
17660,1
17661,1
17665,1
17666,1
17671,1
17673,1
17676,1
17679,1
17680,1
17687,1
17688,1
17689,1
17690,1
17691,1
17694,1
17698,1
17700,1
17703,1
17706,1
17707,1
17708,1
17709,1
17713,1
17714,1
17715,1
17716,1
17717,1
17718,1
17719,1
17721,1
17724,1
17726,1
17727,1
17728,1
17730,1
17732,1
17733,1
17734,1
17736,1
17741,1
17744,1
17745,1
17748,1
17749,1
17751,1
17753,1
17754,1
17755,1
17757,1
17758,1
17760,1
17763,1
17764,1
17765,1
17766,1
17769,1
17771,1
17772,1
17775,1
17777,1
17779,1
17782,1
17783,1
17784,1
17785,1
17788,1
17791,1
17795,1
17796,1
17798,1
17799,1
17801,1
17805,1
17807,1
17809,1
17810,1
17812,1
17813,1
17815,1
17816,1
17817,1
17818,1
17820,1
17823,1
17825,1
17826,1
17827,1
17828,1
17831,1
17833,1
17839,1
17841,1
17844,1
17846,1
17851,1
17853,1
17858,1
17860,1
17863,1
17864,1
17865,1
17866,1
17867,1
17869,1
17870,1
17872,1
17873,1
17878,1
17879,1
17880,1
17881,1
17887,1
17888,1
17890,1
17896,1
17897,1
17901,1
17902,1
17904,1
17906,1
17911,1
17913,1
17914,1
17915,1
17916,1
17919,1
17921,1
17922,1
17924,1
17926,1
17930,1
17931,1
17932,1
17933,1
17934,1
17935,1
17936,1
17937,1
17938,1
17940,1
17945,1
17948,1
17949,1
17951,1
17953,1
17954,1
17956,1
17957,1
17961,1
17966,1
17967,1
17968,1
17970,1
17973,1
17974,1
17975,1
17978,1
17983,1
17985,1
17990,1
17992,1
17993,1
17996,1
17998,1
17999,1
18001,1
18002,1
18004,1
18007,1
18008,1
18009,1
18011,1
18012,1
18014,1
18015,1
18021,1
18024,1
18027,1
18028,1
18029,1
18031,1
18032,1
18034,1
18035,1
18037,1
18038,1
18039,1
18040,1
18045,1
18048,1
18050,1
18051,1
18052,1
18053,1
18059,1
18061,1
18065,1
18067,1
18070,1
18072,1
18076,1
18078,1
18082,1
18085,1
18089,1
18090,1
18092,1
18093,1
18094,1
18096,1
18098,1
18099,1
18103,1
18106,1
18108,1
18112,1
18113,1
18117,1
18118,1
18122,1
18126,1
18129,1
18131,1
18135,1
18138,1
18139,1
18140,1
18141,1
18143,1
18144,1
18145,1
18146,1
18147,1
18148,1
18150,1
18151,1
18152,1
18153,1
18154,1
18156,1
18158,1
18159,1
18161,1
18162,1
18166,1
18168,1
18169,1
18170,1
18174,1
18176,1
18179,1
18181,1
18183,1
18185,1
18186,1
18187,1
18191,1
18194,1
18195,1
18196,1
18197,1
18198,1
18200,1
18202,1
18203,1
18204,1
18208,1
18212,1
18213,1
18218,1
18220,1
18221,1
18222,1
18224,1
18225,1
18226,1
18227,1
18228,1
18229,1
18230,1
18232,1
18233,1
18235,1
18237,1
18240,1
18242,1
18244,1
18246,1
18247,1
18251,1
18252,1
18254,1
18257,1
18258,1
18259,1
18262,1
18263,1
18265,1
18266,1
18270,1
18271,1
18272,1
18273,1
18275,1
18276,1
18277,1
18278,1
18280,1
18283,1
18285,1
18286,1
18288,1
18289,1
18291,1
18292,1
18294,1
18299,1
18300,1
18304,1
18305,1
18308,1
18311,1
18312,1
18316,1
18318,1
18319,1
18320,1
18321,1
18322,1
18327,1
18328,1
18330,1
18331,1
18332,1
18338,1
18339,1
18340,1
18343,1
18345,1
18346,1
18347,1
18351,1
18353,1
18356,1
18361,1
18363,1
18369,1
18371,1
18374,1
18375,1
18377,1
18379,1
18380,1
18381,1
18382,1
18383,1
18384,1
18389,1
18390,1
18391,1
18396,1
18400,1
18401,1
18405,1
18406,1
18410,1
18411,1
18412,1
18414,1
18415,1
18416,1
18417,1
18422,1
18424,1
18430,1
18432,1
18433,1
18436,1
18438,1
18440,1
18444,1
18446,1
18448,1
18452,1
18454,1
18456,1
18458,1
18459,1
18460,1
18461,1
18463,1
18472,1
18473,1
18474,1
18476,1
18480,1
18481,1
18482,1
18484,1
18485,1
18486,1
18488,1
18490,1
18492,1
18493,1
18495,1
18497,1
18498,1
18499,1
18503,1
18504,1
18506,1
18508,1
18509,1
18510,1
18511,1
18513,1
18515,1
18522,1
18523,1
18524,1
18526,1
18529,1
18531,1
18532,1
18535,1
18537,1
18538,1
18540,1
18541,1
18542,1
18543,1
18546,1
18548,1
18550,1
18551,1
18553,1
18554,1
18557,1
18558,1
18563,1
18564,1
18565,1
18567,1
18569,1
18570,1
18572,1
18574,1
18575,1
18576,1
18583,1
18585,1
18588,1
18589,1
18591,1
18595,1
18596,1
18600,1
18602,1
18606,1
18608,1
18611,1
18615,1
18617,1
18622,1
18623,1
18624,1
18626,1
18627,1
18628,1
18629,1
18631,1
18633,1
18635,1
18637,1
18638,1
18639,1
18641,1
18642,1
18643,1
18645,1
18646,1
18647,1
18648,1
18650,1
18655,1
18657,1
18658,1
18660,1
18662,1
18664,1
18670,1
18671,1
18672,1
18676,1
18677,1
18678,1
18680,1
18682,1
18688,1
18689,1
18690,1
18691,1
18692,1
18693,1
18695,1
18696,1
18697,1
18698,1
18699,1
18703,1
18707,1
18708,1
18710,1
18711,1
18712,1
18713,1
18714,1
18716,1
18717,1
18718,1
18720,1
18721,1
18723,1
18724,1
18729,1
18730,1
18731,1
18732,1
18733,1
18734,1
18737,1
18738,1
18740,1
18742,1
18745,1
18747,1
18749,1
18751,1
18752,1
18754,1
18755,1
18758,1
18759,1
18762,1
18767,1
18772,1
18774,1
18777,1
18778,1
18780,1
18785,1
18790,1
18792,1
18793,1
18794,1
18795,1
18797,1
18802,1
18805,1
18806,1
18811,1
18814,1
18817,1
18819,1
18820,1
18821,1
18822,1
18823,1
18827,1
18830,1
18833,1
18836,1
18838,1
18839,1
18840,1
18842,1
18843,1
18848,1
18849,1
18850,1
18851,1
18852,1
18855,1
18856,1
18857,1
18858,1
18859,1
18860,1
18861,1
18862,1
18864,1
18868,1
18869,1
18873,1
18876,1
18879,1
18883,1
18884,1
18885,1
18887,1
18888,1
18889,1
18895,1
18896,1
18899,1
18901,1
18902,1
18903,1
18908,1
18909,1
18910,1
18914,1
18917,1
18918,1
18922,1
18923,1
18926,1
18927,1
18929,1
18930,1
18932,1
18933,1
18934,1
18935,1
18936,1
18938,1
18939,1
18947,1
18950,1
18952,1
18955,1
18958,1
18959,1
18963,1
18964,1
18965,1
18967,1
18968,1
18969,1
18970,1
18971,1
18972,1
18974,1
18975,1
18976,1
18977,1
18980,1
18981,1
18983,1
18984,1
18985,1
18987,1
18988,1
18997,1
18998,1
19000,1
19003,1
19007,1
19009,1
19014,1
19015,1
19017,1
19018,1
19019,1
19023,1
19025,1
19026,1
19030,1
19031,1
19032,1
19034,1
19036,1
19038,1
19039,1
19040,1
19042,1
19048,1
19049,1
19052,1
19054,1
19055,1
19057,1
19058,1
19061,1
19063,1
19064,1
19065,1
19066,1
19067,1
19069,1
19070,1
19075,1
19077,1
19079,1
19080,1
19082,1
19085,1
19088,1
19091,1
19096,1
19097,1
19098,1
19099,1
19100,1
19102,1
19104,1
19106,1
19107,1
19108,1
19109,1
19112,1
19113,1
19114,1
19116,1
19118,1
19121,1
19122,1
19124,1
19125,1
19127,1
19129,1
19130,1
19131,1
19134,1
19135,1
19137,1
19141,1
19142,1
19143,1
19146,1
19147,1
19149,1
19152,1
19153,1
19155,1
19158,1
19159,1
19163,1
19164,1
19165,1
19168,1
19172,1
19174,1
19176,1
19177,1
19178,1
19179,1
19181,1
19182,1
19183,1
19186,1
19190,1
19194,1
19196,1
19198,1
19200,1
19202,1
19204,1
19207,1
19211,1
19213,1
19215,1
19216,1
19217,1
19218,1
19219,1
19221,1
19223,1
19225,1
19226,1
19227,1
19228,1
19230,1
19231,1
19233,1
19234,1
19237,1
19238,1
19239,1
19241,1
19242,1
19243,1
19244,1
19249,1
19250,1
19251,1
19253,1
19255,1
19257,1
19258,1
19260,1
19266,1
19270,1
19271,1
19274,1
19276,1
19280,1
19281,1
19284,1
19286,1
19288,1
19291,1
19292,1
19295,1
19297,1
19300,1
19303,1
19305,1
19306,1
19307,1
19312,1
19315,1
19316,1
19318,1
19320,1
19321,1
19325,1
19329,1
19330,1
19332,1
19334,1
19336,1
19339,1
19341,1
19342,1
19343,1
19344,1
19345,1
19347,1
19348,1
19354,1
19355,1
19356,1
19359,1
19361,1
19364,1
19366,1
19367,1
19368,1
19369,1
19370,1
19371,1
19372,1
19376,1
19377,1
19380,1
19381,1
19384,1
19385,1
19386,1
19387,1
19388,1
19389,1
19390,1
19391,1
19392,1
19393,1
19398,1
19399,1
19400,1
19401,1
19405,1
19406,1
19407,1
19409,1
19411,1
19413,1
19414,1
19415,1
19416,1
19417,1
19418,1
19419,1
19424,1
19425,1
19429,1
19430,1
19431,1
19433,1
19436,1
19437,1
19438,1
19439,1
19444,1
19445,1
19446,1
19447,1
19448,1
19449,1
19453,1
19454,1
19455,1
19457,1
19458,1
19460,1
19461,1
19463,1
19464,1
19467,1
19473,1
19474,1
19483,1
19484,1
19485,1
19489,1
19490,1
19491,1
19492,1
19493,1
19497,1
19499,1
19503,1
19504,1
19507,1
19508,1
19509,1
19510,1
19511,1
19512,1
19514,1
19519,1
19520,1
19522,1
19525,1
19526,1
19527,1
19528,1
19529,1
19531,1
19534,1
19538,1
19539,1
19542,1
19544,1
19545,1
19546,1
19547,1
19551,1
19552,1
19553,1
19554,1
19555,1
19556,1
19557,1
19558,1
19559,1
19560,1
19562,1
19563,1
19565,1
19566,1
19567,1
19569,1
19575,1
19577,1
19583,1
19584,1
19585,1
19587,1
19588,1
19592,1
19594,1
19597,1
19599,1
19600,1
19601,1
19603,1
19609,1
19611,1
19616,1
19617,1
19618,1
19620,1
19621,1
19622,1
19623,1
19624,1
19626,1
19627,1
19628,1
19629,1
19631,1
19632,1
19633,1
19635,1
19636,1
19641,1
19642,1
19643,1
19647,1
19648,1
19649,1
19650,1
19652,1
19653,1
19654,1
19656,1
19659,1
19661,1
19663,1
19670,1
19674,1
19675,1
19676,1
19677,1
19679,1
19682,1
19683,1
19684,1
19685,1
19687,1
19689,1
19691,1
19693,1
19695,1
19698,1
19701,1
19703,1
19704,1
19707,1
19708,1
19709,1
19710,1
19713,1
19719,1
19720,1
19723,1
19724,1
19729,1
19731,1
19735,1
19737,1
19739,1
19741,1
19744,1
19747,1
19748,1
19751,1
19754,1
19757,1
19759,1
19761,1
19765,1
19768,1
19772,1
19776,1
19777,1
19779,1
19782,1
19785,1
19787,1
19788,1
19791,1
19792,1
19794,1
19795,1
19798,1
19800,1
19801,1
19803,1
19804,1
19805,1
19806,1
19807,1
19808,1
19811,1
19812,1
19813,1
19815,1
19816,1
19817,1
19819,1
19820,1
19823,1
19827,1
19828,1
19830,1
19831,1
19832,1
19834,1
19840,1
19841,1
19842,1
19845,1
19846,1
19847,1
19848,1
19849,1
19852,1
19854,1
19855,1
19856,1
19860,1
19861,1
19862,1
19864,1
19866,1
19869,1
19870,1
19873,1
19875,1
19876,1
19878,1
19879,1
19881,1
19883,1
19884,1
19886,1
19890,1
19892,1
19896,1
19898,1
19901,1
19902,1
19904,1
19905,1
19906,1
19908,1
19909,1
19911,1
19912,1
19915,1
19918,1
19920,1
19923,1
19924,1
19925,1
19926,1
19927,1
19928,1
19930,1
19933,1
19934,1
19936,1
19942,1
19943,1
19944,1
19945,1
19950,1
19951,1
19954,1
19959,1
19960,1
19961,1
19962,1
19963,1
19965,1
19967,1
19968,1
19971,1
19974,1
19976,1
19977,1
19978,1
19979,1
19981,1
19984,1
19985,1
19987,1
19989,1
19991,1
19994,1
19995,1
19997,1
19998,1
19999,1
20000,1
